대분류(24),중분류(81),소분류(279),"세분류(1,114)",직업명
사업관리,사업관리,프로젝트관리,공적개발원조사업관리,정부·공공행정 전문가
사업관리,사업관리,프로젝트관리,공적개발원조사업관리,국가·지방행정 사무원
사업관리,사업관리,프로젝트관리,공적개발원조사업관리,공공행정 사무원
사업관리,사업관리,프로젝트관리,프로젝트관리,기획·마케팅 사무원
사업관리,사업관리,프로젝트관리,산학협력관리,총무 사무원 및 대학 행정조교
사업관리,사업관리,해외관리,해외법인설립관리,기획·마케팅 사무원
사업관리,사업관리,해외관리,해외취업관리,직업상담사
경영·회계·사무,기획사무,경영기획,경영기획,정부·공공행정 전문가
경영·회계·사무,기획사무,경영기획,경영기획,경영·진단 전문가
경영·회계·사무,기획사무,경영기획,경영기획,국가·지방행정 사무원
경영·회계·사무,기획사무,경영기획,경영기획,공공행정 사무원
경영·회계·사무,기획사무,경영기획,경영기획,기획·마케팅 사무원
경영·회계·사무,기획사무,경영기획,경영평가,경영·진단 전문가
경영·회계·사무,기획사무,경영기획,경영평가,기획·마케팅 사무원
경영·회계·사무,기획사무,홍보·광고,PR,광고·홍보 전문가
경영·회계·사무,기획사무,홍보·광고,PR,기획·마케팅 사무원
경영·회계·사무,기획사무,홍보·광고,광고,광고·홍보 전문가
경영·회계·사무,기획사무,홍보·광고,광고,기획·마케팅 사무원
경영·회계·사무,기획사무,마케팅,마케팅전략기획,경영·진단 전문가
경영·회계·사무,기획사무,마케팅,마케팅전략기획,광고·홍보 전문가
경영·회계·사무,기획사무,마케팅,마케팅전략기획,기획·마케팅 사무원
경영·회계·사무,기획사무,마케팅,고객관리,상품 기획자
경영·회계·사무,기획사무,마케팅,고객관리,기획·마케팅 사무원
경영·회계·사무,기획사무,마케팅,고객관리,고객 상담원 및 모니터 요원
경영·회계·사무,기획사무,마케팅,통계조사,조사 전문가
경영·회계·사무,기획사무,마케팅,통계조사,통계 사무원
경영·회계·사무,기획사무,마케팅,유통관리,기획·마케팅 사무원
경영·회계·사무,기획사무,마케팅,유통관리,자재·구매·물류 사무원
경영·회계·사무,총무·인사,총무,총무,정부·공공행정 전문가
경영·회계·사무,총무·인사,총무,총무,국가·지방행정 사무원
경영·회계·사무,총무·인사,총무,총무,공공행정 사무원
경영·회계·사무,총무·인사,총무,총무,총무 사무원 및 대학 행정조교
경영·회계·사무,총무·인사,총무,자산관리,총무 사무원 및 대학 행정조교
경영·회계·사무,총무·인사,총무,비상기획,총무 사무원 및 대학 행정조교
경영·회계·사무,총무·인사,인사·조직,인사,인사·노무 전문가
경영·회계·사무,총무·인사,인사·조직,인사,인사·교육·훈련 사무원
경영·회계·사무,총무·인사,인사·조직,노무관리,인사·노무 전문가
경영·회계·사무,총무·인사,인사·조직,노무관리,인사·교육·훈련 사무원
경영·회계·사무,총무·인사,일반사무,비서,비서
경영·회계·사무,총무·인사,일반사무,사무행정,정부·공공행정 전문가
경영·회계·사무,총무·인사,일반사무,사무행정,국가·지방행정 사무원
경영·회계·사무,총무·인사,일반사무,사무행정,공공행정 사무원
경영·회계·사무,총무·인사,일반사무,사무행정,총무 사무원 및 대학 행정조교
경영·회계·사무,총무·인사,일반사무,사무행정,전산자료 입력원 및 사무 보조원
경영·회계·사무,재무·회계,재무,예산,총무 사무원 및 대학 행정조교
경영·회계·사무,재무·회계,재무,예산,회계 사무원
경영·회계·사무,재무·회계,재무,예산,경리 사무원
경영·회계·사무,재무·회계,재무,자금,총무 사무원 및 대학 행정조교
경영·회계·사무,재무·회계,재무,자금,회계 사무원
경영·회계·사무,재무·회계,재무,자금,경리 사무원
경영·회계·사무,재무·회계,회계,회계·감사,회계사
경영·회계·사무,재무·회계,회계,회계·감사,세무사
경영·회계·사무,재무·회계,회계,회계·감사,감사 사무원
경영·회계·사무,재무·회계,회계,회계·감사,회계 사무원
경영·회계·사무,재무·회계,회계,세무,회계사
경영·회계·사무,재무·회계,회계,세무,세무사
경영·회계·사무,재무·회계,회계,세무,관세사
경영·회계·사무,재무·회계,회계,세무,조세행정 사무원
경영·회계·사무,재무·회계,회계,세무,관세행정 사무원
경영·회계·사무,재무·회계,회계,세무,회계 사무원
경영·회계·사무,생산·품질관리,생산관리,구매조달,총무 사무원 및 대학 행정조교
경영·회계·사무,생산·품질관리,생산관리,구매조달,자재·구매·물류 사무원
경영·회계·사무,생산·품질관리,생산관리,자재관리,자재·구매·물류 사무원
경영·회계·사무,생산·품질관리,생산관리,공정관리,생산·품질 사무원
경영·회계·사무,생산·품질관리,생산관리,SCM,자재·구매·물류 사무원
경영·회계·사무,생산·품질관리,생산관리,SCM,생산·품질 사무원
경영·회계·사무,생산·품질관리,품질관리,QM/QC관리,생산·품질 사무원
경영·회계·사무,생산·품질관리,물류무역관리,수출입관리,관세사
경영·회계·사무,생산·품질관리,물류무역관리,수출입관리,무역 사무원
경영·회계·사무,생산·품질관리,물류무역관리,원산지관리,무역 사무원
경영·회계·사무,생산·품질관리,물류무역관리,물류기획,자재·구매·물류 사무원
경영·회계·사무,생산·품질관리,물류무역관리,운송관리,자재·구매·물류 사무원
경영·회계·사무,생산·품질관리,물류무역관리,보관·하역관리,자재·구매·물류 사무원
금융·보험,금융,금융영업,창구사무,출납창구 사무원
금융·보험,금융,금융영업,기업영업,은행 사무원
금융·보험,금융,금융영업,기업영업,증권 사무원
금융·보험,금융,금융영업,기업영업,보험 심사원 및 사무원
금융·보험,금융,금융영업,PB영업,은행 사무원
금융·보험,금융,금융영업,PB영업,증권 사무원
금융·보험,금융,금융영업,카드영업,은행 사무원
금융·보험,금융,금융영업,여신전문금융영업,은행 사무원
금융·보험,금융,금융영업,여신전문금융영업,대출 및 신용카드 모집인
금융·보험,금융,금융상품개발,여수신상품개발,보험·금융상품 개발자
금융·보험,금융,금융상품개발,투자상품개발,보험·금융상품 개발자
금융·보험,금융,금융상품개발,연금상품개발,보험·금융상품 개발자
금융·보험,금융,금융상품개발,카드상품개발,보험·금융상품 개발자
금융·보험,금융,신용분석,개인신용분석,투자·신용 분석가
금융·보험,금융,신용분석,개인신용분석,은행 사무원
금융·보험,금융,신용분석,개인신용분석,보험 심사원 및 사무원
금융·보험,금융,신용분석,기업신용분석,투자·신용 분석가
금융·보험,금융,신용분석,여신심사,은행 사무원
금융·보험,금융,신용분석,여신심사,보험 심사원 및 사무원
금융·보험,금융,자산운용,펀드운용,자산 운용가
금융·보험,금융,자산운용,주식·채권운용,자산 운용가
금융·보험,금융,자산운용,주식·채권운용,증권·외환 딜러
금융·보험,금융,자산운용,파생상품운용,자산 운용가
금융·보험,금융,자산운용,파생상품운용,증권·외환 딜러
금융·보험,금융,자산운용,대체투자,자산 운용가
금융·보험,금융,자산운용,신탁자산관리,자산 운용가
금융·보험,금융,금융영업지원,결제,은행 사무원
금융·보험,금융,금융영업지원,결제,증권 사무원
금융·보험,금융,금융영업지원,결제,보험 심사원 및 사무원
금융·보험,금융,금융영업지원,채권추심,수금원 및 신용 추심원
금융·보험,금융,금융영업지원,리스크관리,투자·신용 분석가
금융·보험,금융,금융영업지원,리스크관리,보험·금융상품 개발자
금융·보험,금융,금융영업지원,리스크관리,은행 사무원
금융·보험,금융,금융영업지원,리스크관리,증권 사무원
금융·보험,금융,금융영업지원,리스크관리,보험 심사원 및 사무원
금융·보험,금융,증권·외환,증권거래업무,증권·외환 딜러
금융·보험,금융,증권·외환,증권거래업무,증권 사무원
금융·보험,금융,증권·외환,외환·파생업무,증권·외환 딜러
금융·보험,금융,증권·외환,외환·파생업무,은행 사무원
금융·보험,금융,증권·외환,인수업무,은행 사무원
금융·보험,금융,증권·외환,인수업무,증권 사무원
금융·보험,금융,증권·외환,증권상장업무,증권 사무원
금융·보험,금융,증권·외환,외화조달·외화대출업무,은행 사무원
금융·보험,금융,증권·외환,무역금융업무,은행 사무원
금융·보험,보험,보험상품개발,보험동향분석,보험·금융상품 개발자
금융·보험,보험,보험상품개발,보험상품개발,보험·금융상품 개발자
금융·보험,보험,보험상품개발,보험계리,보험·금융상품 개발자
금융·보험,보험,보험영업·계약,보험모집,보험 모집인 및 투자 권유 대행인
금융·보험,보험,보험영업·계약,보험계약심사,보험 심사원 및 사무원
금융·보험,보험,보험영업·계약,보험계약·보전,보험 심사원 및 사무원
금융·보험,보험,보험영업·계약,위험관리,보험 심사원 및 사무원
금융·보험,보험,손해사정,재물손해사정,손해사정사
금융·보험,보험,손해사정,차량손해사정,손해사정사
금융·보험,보험,손해사정,신체손해사정,손해사정사
교육·자연· 사회과학,학교교육,학교교육,유아교육,유치원 교사
교육·자연· 사회과학,학교교육,학교교육,초등교육,초등학교 교사
교육·자연· 사회과학,학교교육,학교교육,중등교육,중·고등학교 교사
교육·자연· 사회과학,학교교육,학교교육,특수교육,특수교육 교사
교육·자연· 사회과학,평생교육,평생교육,평생교육,문리·어학 강사
교육·자연· 사회과학,평생교육,평생교육,평생교육,컴퓨터 강사
교육·자연· 사회과학,평생교육,평생교육,평생교육,기술·기능계 강사
교육·자연· 사회과학,평생교육,평생교육,평생교육,예능 강사
교육·자연· 사회과학,평생교육,평생교육,평생교육,학습지·교육교구 방문강사
교육·자연· 사회과학,평생교육,평생교육운영,평생교육프로그램 기획·개발·평가,인사·교육·훈련 사무원
교육·자연· 사회과학,평생교육,평생교육운영,평생교육프로그램 기획·개발·평가,대학 교수
교육·자연· 사회과학,평생교육,평생교육운영,평생교육프로그램 기획·개발·평가,대학 시간강사
교육·자연· 사회과학,평생교육,평생교육운영,평생교육프로그램 기획·개발·평가,장학관·연구관 및 교육 전문가
교육·자연· 사회과학,평생교육,평생교육운영,평생교육프로그램 운영·상담·교수,인사·교육·훈련 사무원
교육·자연· 사회과학,평생교육,평생교육운영,평생교육프로그램 운영·상담·교수,대학 교수
교육·자연· 사회과학,평생교육,평생교육운영,평생교육프로그램 운영·상담·교수,대학 시간강사
교육·자연· 사회과학,직업교육,직업교육,경력지도,인사·노무 전문가
교육·자연· 사회과학,직업교육,직업교육,경력지도,직업상담사
교육·자연· 사회과학,직업교육,직업교육,기업교육,인사·노무 전문가
교육·자연· 사회과학,직업교육,직업교육,기업교육,인사·교육·훈련 사무원
교육·자연· 사회과학,직업교육,직업교육,직무분석,인사·노무 전문가
교육·자연· 사회과학,직업교육,직업교육,직무분석,인사·교육·훈련 사무원
교육·자연· 사회과학,직업교육,이러닝,이러닝시스템개발,장학관·연구관 및 교육 전문가
교육·자연· 사회과학,직업교육,이러닝,이러닝콘텐츠개발,웹 개발자
교육·자연· 사회과학,직업교육,이러닝,이러닝콘텐츠개발,장학관·연구관 및 교육 전문가
교육·자연· 사회과학,직업교육,이러닝,이러닝콘텐츠개발,미디어 콘텐츠 디자이너
교육·자연· 사회과학,직업교육,이러닝,이러닝과정 (process)운영,인사·교육·훈련 사무원
법률·경찰· 소방·교도·국방,법률,법무,법무,판사 및 검사
법률·경찰· 소방·교도·국방,법률,법무,법무,변호사
법률·경찰· 소방·교도·국방,법률,법무,법무,법무사 및 집행관
법률·경찰· 소방·교도·국방,법률,법무,법무,법률 사무원
법률·경찰· 소방·교도·국방,법률,법무,인권,변호사
법률·경찰· 소방·교도·국방,법률,법무,인권,법률 사무원
법률·경찰· 소방·교도·국방,법률,법무,출입국관리,국가·지방행정 사무원
법률·경찰· 소방·교도·국방,법률,지식재산관리,지식재산관리,변리사
법률·경찰· 소방·교도·국방,법률,지식재산관리,지식재산관리,법률 사무원
법률·경찰· 소방·교도·국방,법률,지식재산관리,지식재산평가·거래,변리사
법률·경찰· 소방·교도·국방,법률,지식재산관리,지식재산평가·거래,법률 사무원
법률·경찰· 소방·교도·국방,법률,지식재산관리,지식재산정보조사 분석,변리사
법률·경찰· 소방·교도·국방,법률,지식재산관리,지식재산정보조사 분석,법률 사무원
법률·경찰· 소방·교도·국방,법률,지식재산관리,특허엔지니어링,변리사
법률·경찰· 소방·교도·국방,법률,지식재산관리,특허엔지니어링,법률 사무원
법률·경찰· 소방·교도·국방,소방방재,소방,소방시설설계·감리,소방공학 기술자 및 연구원
법률·경찰· 소방·교도·국방,소방방재,소방,소방시설공사,소방공학 기술자 및 연구원
법률·경찰· 소방·교도·국방,소방방재,소방,소방시설공사,건설 배관공
법률·경찰· 소방·교도·국방,소방방재,소방,소방시설공사,내선 전기공
법률·경찰· 소방·교도·국방,소방방재,소방,구조구급,소방관
법률·경찰· 소방·교도·국방,소방방재,소방,구조구급,응급구조사
법률·경찰· 소방·교도·국방,소방방재,소방,소방안전관리,소방공학 기술자 및 연구원
법률·경찰· 소방·교도·국방,소방방재,소방,소방안전관리,소방공학 시험원
법률·경찰· 소방·교도·국방,소방방재,소방,위험물운송·운반관리,산업 안전원 및 위험 관리원
법률·경찰· 소방·교도·국방,소방방재,소방,위험물안전관리,산업 안전원 및 위험 관리원
법률·경찰· 소방·교도·국방,소방방재,소방,화재감식평가,소방관
법률·경찰· 소방·교도·국방,소방방재,방재,방재시설,토목공학 기술자
법률·경찰· 소방·교도·국방,소방방재,방재,방재시설,방재 기술자 및 연구원
법률·경찰· 소방·교도·국방,소방방재,방재,방재시설,산업 안전원 및 위험 관리원
법률·경찰· 소방·교도·국방,소방방재,방재,기업재난관리,산업 안전원 및 위험 관리원
법률·경찰· 소방·교도·국방,소방방재,방재,방재안전대책관리,방재 기술자 및 연구원
법률·경찰· 소방·교도·국방,소방방재,방재,방재안전대책관리,산업 안전원 및 위험 관리원
법률·경찰· 소방·교도·국방,소방방재,방재,방재안전대책관리,소방관
법률·경찰· 소방·교도·국방,소방방재,스마트재난관리,스마트재난위험예측,방재 기술자 및 연구원
법률·경찰· 소방·교도·국방,소방방재,스마트재난관리,스마트재난관리설계,방재 기술자 및 연구원
보건·의료,보건,의료기술지원,의료기기관리,재활공학 기사
보건·의료,보건,의료기술지원,의료기기관리,기타 전기·전자 기기 설치· 수리원
보건·의료,보건,의료기술지원,물리치료,물리 및 작업 치료사
보건·의료,보건,의료기술지원,작업치료,물리 및 작업 치료사
보건·의료,보건,의료기술지원,방사선검사,방사선사
보건·의료,보건,의료기술지원,임상병리검사,임상병리사
보건·의료,보건,의료기술지원,시각관리,기타 치료·재활사 및 의료기사
보건·의료,보건,의료기술지원,응급구조,응급구조사
보건·의료,보건,의료기술지원,요양지원,요양 보호사 및 간병인
보건·의료,보건,의료기술지원,의지보조기제작·관리,재활공학 기사
보건·의료,보건,의료기술지원,청각관리,기타 치료·재활사 및 의료기사
보건·의료,보건,의료기술지원,치과위생,치과위생사
보건·의료,보건,의료기술지원,치과기공,치과기공사
보건·의료,보건,의료기술지원,임상심리,임상심리사
보건·의료,보건,의료기술지원,의료정보관리,의무기록사
보건·의료,보건,보건지원,병원행정,총무 사무원 및 대학 행정조교
보건·의료,보건,보건지원,병원안내,안내·접수원 및 전화교환원
보건·의료,보건,보건지원,보건교육,간호사
보건·의료,보건,보건지원,의료시설위생관리,보건위생·환경 검사원
보건·의료,보건,보건지원,의료시설위생관리,위생사
보건·의료,보건,보건지원,지역사회위생관리,보건위생·환경 검사원
보건·의료,보건,보건지원,지역사회위생관리,위생사
보건·의료,보건,보건지원,영양관리,영양사
보건·의료,보건,법무,양약조제,약사 및 한약사
보건·의료,보건,법무,한약조제,약사 및 한약사
보건·의료,의료,임상의학,양의학치료,전문 의사
보건·의료,의료,임상의학,한의학치료,한의사
보건·의료,의료,임상의학,치과치료,치과 의사
보건·의료,의료,간호,임상간호,간호사
보건·의료,의료,간호,임상간호,간호조무사
보건·의료,의료,간호,지역사회간호,간호사
보건·의료,의료,간호,지역사회간호,간호조무사
보건·의료,의료,기초의학,예방의학,전문 의사
보건·의료,의료,기초의학,병리학,생명과학 연구원
보건·의료,의료,기초의학,유전학,생명과학 연구원
보건·의료,의료,임상지원,영상의학,전문 의사
보건·의료,의료,임상지원,임상병리,임상병리사
보건·의료,의료,임상지원,감염관리,간호사
보건·의료,의료,임상지원,감염관리,임상병리사
보건·의료,의료,임상지원,감염관리,간호조무사
보건·의료,의료,임상지원,대체의학,기타 치료·재활사 및 의료기사
사회복지·종교,사회복지,사회복지정책,지역사회복지개발,사회복지사
사회복지·종교,사회복지,사회복지정책,사회복지조직운영,사회복지사
사회복지·종교,사회복지,사회복지정책,공공복지,사회복지사
사회복지·종교,사회복지,사회복지서비스,사회복지프로그램운영,사회복지사
사회복지·종교,사회복지,사회복지서비스,일상생활기능지원,사회복지사
사회복지·종교,사회복지,사회복지서비스,일상생활기능지원,기타 사회복지 종사원
사회복지·종교,사회복지,사회복지서비스,일상생활기능지원,요양 보호사 및 간병인
사회복지·종교,사회복지,사회복지서비스,사회복지면담,사회복지사
사회복지·종교,사회복지,사회복지서비스,사회복지사례관리,사회복지사
사회복지·종교,상담,직업상담서비스,직업상담,직업상담사
사회복지·종교,상담,직업상담서비스,취업알선,직업상담사
사회복지·종교,상담,직업상담서비스,전직지원,인사·노무 전문가
사회복지·종교,상담,직업상담서비스,전직지원,직업상담사
사회복지·종교,상담,청소년지도,청소년활동,청소년 지도사
사회복지·종교,상담,청소년지도,청소년상담복지,청소년 지도사
사회복지·종교,상담,청소년지도,진로지원,청소년 지도사
사회복지·종교,상담,청소년지도,진로지원,직업상담사
사회복지·종교,상담,심리상담,심리상담,상담 전문가
사회복지·종교,보육,보육,보육,유치원 교사
사회복지·종교,보육,보육,보육,교사보조 및 보육보조 서비스 종사원
사회복지·종교,보육,보육,보육,보육교사
사회복지·종교,보육,보육,산후육아지원,육아 도우미
사회복지·종교,보육,보육,아이돌봄,유치원 교사
사회복지·종교,보육,보육,아이돌봄,교사보조 및 보육보조 서비스 종사원
사회복지·종교,보육,보육,아이돌봄,보육교사
문화·예술· 디자인·방송,문화·예술,문화예술경영,문화·예술기획,기획·마케팅 사무원
문화·예술· 디자인·방송,문화·예술,문화예술경영,문화·예술기획,학예사 및 문화재 보존원
문화·예술· 디자인·방송,문화·예술,문화예술경영,문화·예술행정,정부·공공행정 전문가
문화·예술· 디자인·방송,문화·예술,문화예술경영,문화·예술행정,국가·지방행정 사무원
문화·예술· 디자인·방송,문화·예술,문화예술경영,문화·예술행정,공공행정 사무원
문화·예술· 디자인·방송,문화·예술,문화예술경영,문화·예술행정,기획·마케팅 사무원
문화·예술· 디자인·방송,문화·예술,문화예술경영,문화·예술행정,학예사 및 문화재 보존원
문화·예술· 디자인·방송,문화·예술,문화예술경영,문화·예술경영,기획·마케팅 사무원
문화·예술· 디자인·방송,문화·예술,문화예술경영,문화·예술경영,학예사 및 문화재 보존원
문화·예술· 디자인·방송,문화·예술,문화예술경영,문헌정보관리,사서 및 기록물 관리사
문화·예술· 디자인·방송,문화·예술,실용예술,실용음악,"지휘자, 작곡가 및 연주가"
문화·예술· 디자인·방송,문화·예술,실용예술,실용음악,가수 및 성악가
문화·예술· 디자인·방송,문화·예술,실용예술,실용사진,사진작가 및 사진사
문화·예술· 디자인·방송,문화·예술,공연예술,무대연출,감독 및 기술감독
문화·예술· 디자인·방송,문화·예술,공연예술,무대조명,조명·영사 기사
문화·예술· 디자인·방송,문화·예술,공연예술,무대기계,기타 건축 마감 기능원
문화·예술· 디자인·방송,문화·예술,공연예술,무대기계,내선 전기공
문화·예술· 디자인·방송,문화·예술,공연예술,무대음향,음향·녹음 기사
문화·예술· 디자인·방송,문화·예술,공연예술,무대미술,화가 및 조각가
문화·예술· 디자인·방송,문화·예술,공연예술,무대미술,실내장식 디자이너
문화·예술· 디자인·방송,문화·예술,공연예술,무대미술,감독 및 기술감독
문화·예술· 디자인·방송,문화·예술,공연예술,무대감독,감독 및 기술감독
문화·예술· 디자인·방송,문화·예술,공연예술,무대기술감독,감독 및 기술감독
문화·예술· 디자인·방송,문화·예술,공연예술,무대장치·소품,실내장식 디자이너
문화·예술· 디자인·방송,문화·예술,공연예술,무대장치·소품,건축 목공
문화·예술· 디자인·방송,문화·예술,공연예술,무대의상,패션 디자이너
문화·예술· 디자인·방송,문화·예술,공연예술,무대영상,영상·녹화·편집 기사
문화·예술· 디자인·방송,문화·예술,공연예술,하우스매니징,기타 연극·영화·방송 종사원
문화·예술· 디자인·방송,문화·예술,문화재관리,학예,학예사 및 문화재 보존원
문화·예술· 디자인·방송,문화·예술,문화재관리,문화재보수,건축가
문화·예술· 디자인·방송,문화·예술,문화재관리,문화재보수,건축 목공
문화·예술· 디자인·방송,문화·예술,문화재관리,문화재보존,학예사 및 문화재 보존원
문화·예술· 디자인·방송,디자인,디자인,시각디자인,시각 디자이너
문화·예술· 디자인·방송,디자인,디자인,제품디자인,제품 디자이너
문화·예술· 디자인·방송,디자인,디자인,환경디자인,건축가
문화·예술· 디자인·방송,디자인,디자인,환경디자인,조경 기술자
문화·예술· 디자인·방송,디자인,디자인,환경디자인,실내장식 디자이너
문화·예술· 디자인·방송,디자인,디자인,환경디자인,시각 디자이너
문화·예술· 디자인·방송,디자인,디자인,디지털디자인,미디어 콘텐츠 디자이너
문화·예술· 디자인·방송,디자인,디자인,텍스타일디자인,패션 디자이너
문화·예술· 디자인·방송,디자인,디자인,서비스경험디자인,시각 디자이너
문화·예술· 디자인·방송,디자인,디자인,실내디자인,실내장식 디자이너
문화·예술· 디자인·방송,디자인,디자인,색채디자인,시각 디자이너
문화·예술· 디자인·방송,디자인,디자인,전시디자인,행사 기획자
문화·예술· 디자인·방송,디자인,디자인,3D프린팅디자인,제도사
문화·예술· 디자인·방송,디자인,디자인,패키지디자인,제품 디자이너
문화·예술· 디자인·방송,디자인,디자인,VR콘텐츠디자인,미디어 콘텐츠 디자이너
문화·예술· 디자인·방송,문화콘텐츠,문화콘텐츠기획,문화콘텐츠기획,공연·영화 및 음반 기획자
문화·예술· 디자인·방송,문화콘텐츠,문화콘텐츠제작,방송콘텐츠제작,작가
문화·예술· 디자인·방송,문화콘텐츠,문화콘텐츠제작,방송콘텐츠제작,감독 및 기술감독
문화·예술· 디자인·방송,문화콘텐츠,문화콘텐츠제작,방송콘텐츠제작,촬영 기사
문화·예술· 디자인·방송,문화콘텐츠,문화콘텐츠제작,방송콘텐츠제작,영상·녹화·편집 기사
문화·예술· 디자인·방송,문화콘텐츠,문화콘텐츠제작,영화콘텐츠제작,작가
문화·예술· 디자인·방송,문화콘텐츠,문화콘텐츠제작,영화콘텐츠제작,감독 및 기술감독
문화·예술· 디자인·방송,문화콘텐츠,문화콘텐츠제작,음악콘텐츠제작,감독 및 기술감독
문화·예술· 디자인·방송,문화콘텐츠,문화콘텐츠제작,음악콘텐츠제작,음향·녹음 기사
문화·예술· 디자인·방송,문화콘텐츠,문화콘텐츠제작,광고콘텐츠제작,광고·홍보 전문가
문화·예술· 디자인·방송,문화콘텐츠,문화콘텐츠제작,광고콘텐츠제작,시각 디자이너
문화·예술· 디자인·방송,문화콘텐츠,문화콘텐츠제작,광고콘텐츠제작,영상·녹화·편집 기사
문화·예술· 디자인·방송,문화콘텐츠,문화콘텐츠제작,게임콘텐츠제작,응용 소프트웨어 개발자
문화·예술· 디자인·방송,문화콘텐츠,문화콘텐츠제작,게임콘텐츠제작,작가
문화·예술· 디자인·방송,문화콘텐츠,문화콘텐츠제작,게임콘텐츠제작,미디어 콘텐츠 디자이너
문화·예술· 디자인·방송,문화콘텐츠,문화콘텐츠제작,게임콘텐츠제작,음향·녹음 기사
문화·예술· 디자인·방송,문화콘텐츠,문화콘텐츠제작,애니메이션콘텐츠 제작,작가
문화·예술· 디자인·방송,문화콘텐츠,문화콘텐츠제작,애니메이션콘텐츠 제작,만화가 및 만화영화 작가
문화·예술· 디자인·방송,문화콘텐츠,문화콘텐츠제작,애니메이션콘텐츠 제작,음향·녹음 기사
문화·예술· 디자인·방송,문화콘텐츠,문화콘텐츠제작,만화콘텐츠제작,작가
문화·예술· 디자인·방송,문화콘텐츠,문화콘텐츠제작,만화콘텐츠제작,만화가 및 만화영화 작가
문화·예술· 디자인·방송,문화콘텐츠,문화콘텐츠제작,캐릭터콘텐츠제작,시각 디자이너
문화·예술· 디자인·방송,문화콘텐츠,문화콘텐츠제작,스마트문화앱콘텐츠 제작,응용 소프트웨어 개발자
문화·예술· 디자인·방송,문화콘텐츠,문화콘텐츠제작,스마트문화앱콘텐츠 제작,웹 개발자
문화·예술· 디자인·방송,문화콘텐츠,문화콘텐츠제작,스마트문화앱콘텐츠 제작,미디어 콘텐츠 디자이너
문화·예술· 디자인·방송,문화콘텐츠,문화콘텐츠제작,영사,조명·영사 기사
문화·예술· 디자인·방송,문화콘텐츠,문화콘텐츠제작,완구콘텐츠제작,상품 기획자
문화·예술· 디자인·방송,문화콘텐츠,문화콘텐츠제작,완구콘텐츠제작,제품 디자이너
문화·예술· 디자인·방송,문화콘텐츠,문화콘텐츠제작,드론콘텐츠제작,행사 기획자
문화·예술· 디자인·방송,문화콘텐츠,문화콘텐츠제작,드론콘텐츠제작,촬영 기사
문화·예술· 디자인·방송,문화콘텐츠,문화콘텐츠제작,드론콘텐츠제작,영상·녹화·편집 기사
문화·예술· 디자인·방송,문화콘텐츠,문화콘텐츠 유통·서비스,방송콘텐츠유통· 서비스,기획·마케팅 사무원
문화·예술· 디자인·방송,문화콘텐츠,문화콘텐츠 유통·서비스,방송콘텐츠유통· 서비스,공연·영화 및 음반 기획자
문화·예술· 디자인·방송,문화콘텐츠,문화콘텐츠 유통·서비스,영화콘텐츠유통· 서비스,기획·마케팅 사무원
문화·예술· 디자인·방송,문화콘텐츠,문화콘텐츠 유통·서비스,영화콘텐츠유통· 서비스,공연·영화 및 음반 기획자
문화·예술· 디자인·방송,문화콘텐츠,문화콘텐츠 유통·서비스,음악콘텐츠유통· 서비스,기획·마케팅 사무원
문화·예술· 디자인·방송,문화콘텐츠,문화콘텐츠 유통·서비스,음악콘텐츠유통· 서비스,공연·영화 및 음반 기획자
문화·예술· 디자인·방송,문화콘텐츠,문화콘텐츠 유통·서비스,광고콘텐츠유통· 서비스,기획·마케팅 사무원
문화·예술· 디자인·방송,문화콘텐츠,문화콘텐츠 유통·서비스,광고콘텐츠유통· 서비스,공연·영화 및 음반 기획자
문화·예술· 디자인·방송,문화콘텐츠,문화콘텐츠 유통·서비스,게임콘텐츠유통· 서비스,기획·마케팅 사무원
문화·예술· 디자인·방송,문화콘텐츠,문화콘텐츠 유통·서비스,게임콘텐츠유통· 서비스,공연·영화 및 음반 기획자
문화·예술· 디자인·방송,문화콘텐츠,문화콘텐츠 유통·서비스,애니메이션콘텐츠 유통·서비스,기획·마케팅 사무원
문화·예술· 디자인·방송,문화콘텐츠,문화콘텐츠 유통·서비스,애니메이션콘텐츠 유통·서비스,공연·영화 및 음반 기획자
문화·예술· 디자인·방송,문화콘텐츠,문화콘텐츠 유통·서비스,만화콘텐츠 유통·서비스,기획·마케팅 사무원
문화·예술· 디자인·방송,문화콘텐츠,문화콘텐츠 유통·서비스,만화콘텐츠 유통·서비스,공연·영화 및 음반 기획자
문화·예술· 디자인·방송,문화콘텐츠,문화콘텐츠 유통·서비스,캐릭터콘텐츠 유통·서비스,기획·마케팅 사무원
문화·예술· 디자인·방송,문화콘텐츠,문화콘텐츠 유통·서비스,캐릭터콘텐츠 유통·서비스,공연·영화 및 음반 기획자
문화·예술· 디자인·방송,문화콘텐츠,문화콘텐츠 유통·서비스,스마트문화앱콘텐츠 유통·서비스,기획·마케팅 사무원
문화·예술· 디자인·방송,문화콘텐츠,문화콘텐츠 유통·서비스,스마트문화앱콘텐츠 유통·서비스,공연·영화 및 음반 기획자
문화·예술· 디자인·방송,문화콘텐츠,영상제작,영상연출,감독 및 기술감독
문화·예술· 디자인·방송,문화콘텐츠,영상제작,영상촬영,감독 및 기술감독
문화·예술· 디자인·방송,문화콘텐츠,영상제작,영상촬영,촬영 기사
문화·예술· 디자인·방송,문화콘텐츠,영상제작,영상촬영,영상·녹화·편집 기사
문화·예술· 디자인·방송,문화콘텐츠,영상제작,영상조명,감독 및 기술감독
문화·예술· 디자인·방송,문화콘텐츠,영상제작,영상조명,조명·영사 기사
문화·예술· 디자인·방송,문화콘텐츠,영상제작,영상음향제작,감독 및 기술감독
문화·예술· 디자인·방송,문화콘텐츠,영상제작,영상음향제작,음향·녹음 기사
문화·예술· 디자인·방송,문화콘텐츠,영상제작,영상그래픽,미디어 콘텐츠 디자이너
문화·예술· 디자인·방송,문화콘텐츠,영상제작,영상그래픽,감독 및 기술감독
문화·예술· 디자인·방송,문화콘텐츠,영상제작,영상편집,감독 및 기술감독
문화·예술· 디자인·방송,문화콘텐츠,영상제작,영상편집,영상·녹화·편집 기사
문화·예술· 디자인·방송,문화콘텐츠,영상제작,영상미술,실내장식 디자이너
문화·예술· 디자인·방송,문화콘텐츠,영상제작,영상미술,감독 및 기술감독
운전·운송,자동차운전·운송,자동차운전·운송,여객운송,운송 사무원
운전·운송,자동차운전·운송,자동차운전·운송,여객운송,택시 운전원
운전·운송,자동차운전·운송,자동차운전·운송,여객운송,버스 운전원
운전·운송,자동차운전·운송,자동차운전·운송,화물운송,운송 사무원
운전·운송,자동차운전·운송,자동차운전·운송,화물운송,화물차·특수차 운전원
운전·운송,자동차운전·운송,자동차운전·운송,수송포장,자재·구매·물류 사무원
운전·운송,철도운전·운송,철도운전운영,철도관제,관제사
운전·운송,철도운전·운송,철도운전운영,열차운용DIA,운송 사무원
운전·운송,철도운전·운송,철도운전운영,철도운전,철도·전동차 기관사
운전·운송,철도운전·운송,철도운전운영,기지내차량운전,철도·전동차 기관사
운전·운송,철도운전·운송,철도시설유지보수,철도선로시설물유지 보수,철로 설치·보수원
운전·운송,철도운전·운송,철도시설유지보수,정비기지시설물유지 보수,공업기계 설치·정비원
운전·운송,철도운전·운송,철도시설유지보수,역시설물유지보수,기타 건축 마감 기능원
운전·운송,철도운전·운송,철도시설유지보수,철도정보통신시설물 유지보수,통신장비 설치·수리원
운전·운송,선박운전·운송,선박운항,항해,"선장, 항해사 및 도선사"
운전·운송,선박운전·운송,선박운항,선박기관운전,"선장, 항해사 및 도선사"
운전·운송,선박운전·운송,선박운항,선박통신,통신·방송송출 장비 기사
운전·운송,선박운전·운송,선박운항,수면비행선박조종,"선장, 항해사 및 도선사"
운전·운송,선박운전·운송,선박운항,수상레저기구조종,기타 스포츠 및  여가서비스 종사원
운전·운송,선박운전·운송,선박운항,선박교통관제,관제사
운전·운송,선박운전·운송,선박운항,선박갑판관리,선박승무원 및 관련 종사원 (선박객실 승무원 제외)
운전·운송,선박운전·운송,검수·검량,검수검정,자재·구매·물류 사무원
운전·운송,항공운전·운송,항공기조종운송,경량항공기조종,항공기 조종사
운전·운송,항공운전·운송,항공기조종운송,자가용항공기조종,항공기 조종사
운전·운송,항공운전·운송,항공기조종운송,사업용항공기조종,항공기 조종사
운전·운송,항공운전·운송,항공기조종운송,운송용항공기조종,항공기 조종사
운전·운송,항공운전·운송,항공기조종운송,소형무인기운용·조종,촬영 기사
운전·운송,항공운전·운송,항공운항,항공교통관제,관제사
운전·운송,항공운전·운송,항공운항,운항관리,운송 사무원
운전·운송,항공운전·운송,항공운항,항공안전,산업 안전원 및 위험 관리원
운전·운송,항공운전·운송,항공운항,항공보안,시설·특수 경비원
운전·운송,항공운전·운송,항공운항,항공여객운송서비스,운송 사무원
운전·운송,항공운전·운송,항공운항,항공화물운송서비스,운송 사무원
운전·운송,항공운전·운송,항행안전시설,항행안전무선시설 운영관리,통신공학 기술자 및 연구원
운전·운송,항공운전·운송,항행안전시설,항행안전무선시설 운영관리,통신·방송송출 장비 기사
영업판매,영업,일반·해외영업,일반영업,기술 영업원
영업판매,영업,일반·해외영업,일반영업,제품·광고 영업원
영업판매,영업,일반·해외영업,해외영업,해외 영업원
영업판매,부동산,부동산컨설팅,부동산개발,부동산 컨설턴트 및 중개인
영업판매,부동산,부동산컨설팅,부동산분양,기획·마케팅 사무원
영업판매,부동산,부동산컨설팅,부동산경·공매,부동산 컨설턴트 및 중개인
영업판매,부동산,부동산관리,주택관리,총무 사무원 및 대학 행정조교
영업판매,부동산,부동산관리,상업용건물관리,총무 사무원 및 대학 행정조교
영업판매,부동산,부동산관리,부동산자산관리,부동산 컨설턴트 및 중개인
영업판매,부동산,부동산중개,부동산중개,부동산 컨설턴트 및 중개인
영업판매,부동산,부동산중개,부동산정보제공,기획·마케팅 사무원
영업판매,부동산,부동산중개,부동산정보제공,고객 상담원 및 모니터 요원
영업판매,부동산,감정평가,부동산·동산감정평가,감정 전문가
영업판매,부동산,감정평가,기업가치평가,경영·진단 전문가
영업판매,부동산,감정평가,기업가치평가,회계사
영업판매,부동산,감정평가,기업가치평가,감정 전문가
영업판매,부동산,감정평가,기업가치평가,투자·신용 분석가
영업판매,부동산,감정평가,감정평가가격정보제공,감정 전문가
영업판매,판매,e-비지니스,통신판매,텔레마케터
영업판매,판매,e-비지니스,전자상거래,웹 개발자
영업판매,판매,e-비지니스,전자상거래,웹 운영자
영업판매,판매,e-비지니스,전자상거래,온라인 판매원
영업판매,판매,일반판매,매장판매,소규모 상점 경영 및  일선 관리 종사원
영업판매,판매,일반판매,매장판매,상점 판매원
영업판매,판매,일반판매,방문판매,방문 판매원
영업판매,판매,상품중개경매,농축수산물경매,상품 중개인 및 경매사
경비·청소,경비,경비·경호,보안,시설·특수 경비원
경비·청소,경비,경비·경호,보안,경비원(건물 관리원)
경비·청소,경비,경비·경호,경호,경호원
경비·청소,청소,청소,환경미화,청소원
경비·청소,청소,청소,가사지원,가사 도우미
이용·숙박· 여행·오락·스포츠,이·미용,이·미용서비스,헤어미용,미용사
이용·숙박· 여행·오락·스포츠,이·미용,이·미용서비스,피부미용,피부 및 체형 관리사
이용·숙박· 여행·오락·스포츠,이·미용,이·미용서비스,메이크업,메이크업 아티스트 및 분장사
이용·숙박· 여행·오락·스포츠,이·미용,이·미용서비스,네일미용,피부 및 체형 관리사
이용·숙박· 여행·오락·스포츠,이·미용,이·미용서비스,이용,이용사
이용·숙박· 여행·오락·스포츠,결혼·장례,결혼서비스,결혼상담,결혼상담원 및 웨딩플래너
이용·숙박· 여행·오락·스포츠,결혼·장례,결혼서비스,웨딩플래너,결혼상담원 및 웨딩플래너
이용·숙박· 여행·오락·스포츠,결혼·장례,결혼서비스,결혼예식장관리,혼례 종사원
이용·숙박· 여행·오락·스포츠,결혼·장례,결혼서비스,웨딩이벤트,결혼상담원 및 웨딩플래너
이용·숙박· 여행·오락·스포츠,결혼·장례,장례서비스,장례지원,장례 지도사 및 장례 상담원
이용·숙박· 여행·오락·스포츠,결혼·장례,장례서비스,장례지도,장례 지도사 및 장례 상담원
이용·숙박· 여행·오락·스포츠,관광·레저,여행서비스,여행상품개발,여행상품 개발자
이용·숙박· 여행·오락·스포츠,관광·레저,여행서비스,여행상품상담,여행 사무원
이용·숙박· 여행·오락·스포츠,관광·레저,여행서비스,국내여행안내,여행 안내원 및 해설사
이용·숙박· 여행·오락·스포츠,관광·레저,여행서비스,해외여행안내,여행 안내원 및 해설사
이용·숙박· 여행·오락·스포츠,관광·레저,여행서비스,항공객실서비스,항공기 객실승무원
이용·숙박· 여행·오락·스포츠,관광·레저,숙박서비스,숙박기획·개발,상품 기획자
이용·숙박· 여행·오락·스포츠,관광·레저,숙박서비스,숙박기획·개발,기획·마케팅 사무원
이용·숙박· 여행·오락·스포츠,관광·레저,숙박서비스,객실관리,숙박시설 서비스원
이용·숙박· 여행·오락·스포츠,관광·레저,숙박서비스,객실관리,청소원
이용·숙박· 여행·오락·스포츠,관광·레저,숙박서비스,부대시설관리,숙박시설 서비스원
이용·숙박· 여행·오락·스포츠,관광·레저,숙박서비스,부대시설관리,홀서빙원
이용·숙박· 여행·오락·스포츠,관광·레저,숙박서비스,연회관리,행사 기획자
이용·숙박· 여행·오락·스포츠,관광·레저,숙박서비스,접객서비스,숙박시설 서비스원
이용·숙박· 여행·오락·스포츠,관광·레저,컨벤션,회의기획,행사 기획자
이용·숙박· 여행·오락·스포츠,관광·레저,컨벤션,전시기획,행사 기획자
이용·숙박· 여행·오락·스포츠,관광·레저,컨벤션,이벤트기획,행사 기획자
이용·숙박· 여행·오락·스포츠,관광·레저,관광레저서비스,카지노기획개발,기획·마케팅 사무원
이용·숙박· 여행·오락·스포츠,관광·레저,관광레저서비스,카지노운영관리,기획·마케팅 사무원
이용·숙박· 여행·오락·스포츠,관광·레저,관광레저서비스,카지노운영관리,기타 스포츠 및 여가서비스 종사원
이용·숙박· 여행·오락·스포츠,관광·레저,관광레저서비스,크루즈운영관리,기획·마케팅 사무원
이용·숙박· 여행·오락·스포츠,관광·레저,관광레저서비스,크루즈운영관리,숙박시설 서비스원
이용·숙박· 여행·오락·스포츠,관광·레저,관광레저서비스,유원시설운영관리,숙박시설 서비스원
이용·숙박· 여행·오락·스포츠,관광·레저,관광레저서비스,리조트운영관리,미용·여행·숙박·스포츠 관리자
이용·숙박· 여행·오락·스포츠,관광·레저,관광레저서비스,리조트운영관리,기획·마케팅 사무원
이용·숙박· 여행·오락·스포츠,스포츠,스포츠용품,스포츠용품제작,상품 기획자
이용·숙박· 여행·오락·스포츠,스포츠,스포츠시설,스포츠시설개발,기획·마케팅 사무원
이용·숙박· 여행·오락·스포츠,스포츠,스포츠시설,스포츠시설운영관리,기획·마케팅 사무원
이용·숙박· 여행·오락·스포츠,스포츠,스포츠경기·지도,선수스포츠지도,스포츠 감독 및 코치
이용·숙박· 여행·오락·스포츠,스포츠,스포츠경기·지도,일반인스포츠지도,"스포츠강사, 레크리에이션 강사 및 기타 관련 전문가"
이용·숙박· 여행·오락·스포츠,스포츠,스포츠경기·지도,건강운동관리,"스포츠강사, 레크리에이션 강사 및 기타 관련 전문가"
이용·숙박· 여행·오락·스포츠,스포츠,스포츠경기·지도,경기기록분석,경기 심판 및 경기 기록원
이용·숙박· 여행·오락·스포츠,스포츠,스포츠경기·지도,경기심판,경기 심판 및 경기 기록원
이용·숙박· 여행·오락·스포츠,스포츠,스포츠경기·지도,경기지원,기타 스포츠 및 여가서비스 종사원
이용·숙박· 여행·오락·스포츠,스포츠,스포츠경기·지도,건강운동ICT융복합 콘텐츠개발,기획·마케팅 사무원
이용·숙박· 여행·오락·스포츠,스포츠,스포츠경기·지도,건강운동ICT융복합 콘텐츠개발,웹 개발자
이용·숙박· 여행·오락·스포츠,스포츠,스포츠경기·지도,건강운동ICT융복합 콘텐츠개발,"스포츠강사, 레크리에이션 강사 및 기타 관련 전문가"
이용·숙박· 여행·오락·스포츠,스포츠,스포츠경기·지도,경기력향상융복합 콘텐츠개발,생명과학 연구원
이용·숙박· 여행·오락·스포츠,스포츠,스포츠경기·지도,경기력향상융복합 콘텐츠개발,"스포츠강사, 레크리에이션 강사 및 기타 관련 전문가"
이용·숙박· 여행·오락·스포츠,스포츠,스포츠경기·지도,골프캐디,기타 스포츠 및 여가서비스 종사원
이용·숙박· 여행·오락·스포츠,스포츠,스포츠마케팅,스포츠이벤트,행사 기획자
이용·숙박· 여행·오락·스포츠,스포츠,스포츠마케팅,스포츠라이선싱,기획·마케팅 사무원
이용·숙박· 여행·오락·스포츠,스포츠,스포츠마케팅,스포츠에이전트,연예인매니저 및 스포츠매니저
이용·숙박· 여행·오락·스포츠,스포츠,스포츠마케팅,스포츠정보관리,경기 심판 및 경기 기록원
이용·숙박· 여행·오락·스포츠,스포츠,레크리에이션,레크리에이션지도,"스포츠강사, 레크리에이션 강사 및 기타 관련 전문가"
음식서비스,식음료조리· 서비스,음식조리,음식조리공통직무,주방장 및 요리 연구가
음식서비스,식음료조리· 서비스,음식조리,음식조리공통직무,한식 조리사
음식서비스,식음료조리· 서비스,음식조리,음식조리공통직무,중식 조리사
음식서비스,식음료조리· 서비스,음식조리,음식조리공통직무,양식 조리사
음식서비스,식음료조리· 서비스,음식조리,음식조리공통직무,일식 조리사
음식서비스,식음료조리· 서비스,음식조리,한식조리,한식 조리사
음식서비스,식음료조리· 서비스,음식조리,양식조리,양식 조리사
음식서비스,식음료조리· 서비스,음식조리,중식조리,중식 조리사
음식서비스,식음료조리· 서비스,음식조리,일식조리,일식 조리사
음식서비스,식음료조리· 서비스,음식조리,복어조리,일식 조리사
음식서비스,식음료조리· 서비스,식음료서비스,식음료접객,홀서빙원
음식서비스,식음료조리· 서비스,식음료서비스,소믈리에,홀서빙원
음식서비스,식음료조리· 서비스,식음료서비스,커피관리,음료조리사
음식서비스,식음료조리· 서비스,식음료서비스,바텐더,바텐더
음식서비스,식음료조리· 서비스,식음료서비스,식공간연출,기타 음식 서비스 종사원
음식서비스,식음료조리· 서비스,외식경영,외식운영관리,기획·마케팅 사무원
건설,건설공사관리,건설시공전관리,설계기획관리,건축가
건설,건설공사관리,건설시공전관리,설계기획관리,건축공학 기술자
건설,건설공사관리,건설시공전관리,설계기획관리,토목공학 기술자
건설,건설공사관리,건설시공관리,건설공사공정관리,건축공학 기술자
건설,건설공사관리,건설시공관리,건설공사공정관리,토목공학 기술자
건설,건설공사관리,건설시공관리,건설공사품질관리,건축공학 기술자
건설,건설공사관리,건설시공관리,건설공사품질관리,토목공학 기술자
건설,건설공사관리,건설시공관리,건설공사환경관리,건축공학 기술자
건설,건설공사관리,건설시공관리,건설공사환경관리,토목공학 기술자
건설,건설공사관리,건설시공관리,건설공사공무관리,건축공학 기술자
건설,건설공사관리,건설시공관리,건설공사공무관리,토목공학 기술자
건설,건설공사관리,건설시공후관리,유지관리,건축공학 기술자
건설,건설공사관리,건설시공후관리,유지관리,토목공학 기술자
건설,토목,토목설계·감리,도로설계,토목공학 기술자
건설,토목,토목설계·감리,공항설계,토목공학 기술자
건설,토목,토목설계·감리,터널설계,토목공학 기술자
건설,토목,토목설계·감리,교량설계,토목공학 기술자
건설,토목,토목설계·감리,항만(해양)설계,토목공학 기술자
건설,토목,토목설계·감리,상하수도설계,토목공학 기술자
건설,토목,토목설계·감리,하천(댐)설계,토목공학 기술자
건설,토목,토목설계·감리,지반설계,토목공학 기술자
건설,토목,토목설계·감리,단지설계,토목공학 기술자
건설,토목,토목설계·감리,철도설계,토목공학 기술자
건설,토목,토목설계·감리,토목건설사업관리,토목공학 기술자
건설,토목,토목설계·감리,토목시설물경관,토목공학 기술자
건설,토목,토목시공,토공,건설·채굴 기계 운전원
건설,토목,토목시공,토공,기타 채굴·토목 종사원
건설,토목,토목시공,지반개량,건설·채굴 기계 운전원
건설,토목,토목시공,지반개량,기타 채굴·토목 종사원
건설,토목,토목시공,포장,건설·채굴 기계 운전원
건설,토목,토목시공,포장,기타 채굴·토목 종사원
건설,토목,토목시공,수중구조물시공,기타 채굴·토목 종사원
건설,토목,토목시공,삭도시공,기타 채굴·토목 종사원
건설,토목,토목시공,궤도시공,건설·채굴 기계 운전원
건설,토목,토목시공,궤도시공,철로 설치·보수원
건설,토목,토목시공,상하수도시공,건설·채굴 기계 운전원
건설,토목,토목시공,보링그라우팅,건설·채굴 기계 운전원
건설,토목,토목시공,철강재시공,강구조물 가공원 및 건립원
건설,토목,토목시공,준설,건설·채굴 기계 운전원
건설,토목,토목시공,석축,건축 석공
건설,토목,측량·지리정보 개발,지적,측량·지리정보 전문가
건설,토목,측량·지리정보 개발,측량,측량·지리정보 전문가
건설,토목,측량·지리정보 개발,공간정보구축,측량·지리정보 전문가
건설,토목,측량·지리정보 개발,공간정보융합서비스,측량·지리정보 전문가
건설,건축,건축설계·감리,건축설계,건축가
건설,건축,건축설계·감리,건축구조설계,건축공학 기술자
건설,건축,건축설계·감리,건축공사감리,건축가
건설,건축,건축설계·감리,건축공사감리,건축공학 기술자
건설,건축,건축설계·감리,실내건축설계,건축가
건설,건축,건축시공,건축목공시공,건축 목공
건설,건축,건축시공,조적미장시공,조적공 및 석재부설원
건설,건축,건축시공,조적미장시공,미장공
건설,건축,건축시공,방수시공,방수공
건설,건축,건축시공,타일시공,바닥재 시공원
건설,건축,건축시공,건축도장시공,건축 도장공
건설,건축,건축시공,철근콘크리트시공,철근공
건설,건축,건축시공,철근콘크리트시공,콘크리트공
건설,건축,건축시공,창호시공,건축 목공
건설,건축,건축시공,창호시공,도배공 및 유리 부착원
건설,건축,건축시공,창호시공,새시 조립·설치원
건설,건축,건축시공,가설시공,기타 건축 마감 기능원
건설,건축,건축시공,수장시공,바닥재 시공원
건설,건축,건축시공,수장시공,도배공 및 유리 부착원
건설,건축,건축시공,단열시공,단열공
건설,건축,건축시공,지붕시공,건축 목공
건설,건축,건축시공,지붕시공,기타 건축 마감 기능원
건설,건축,건축시공,구조물해체,기타 건축 마감 기능원
건설,건축,건축시공,강구조시공,강구조물 가공원 및 건립원
건설,건축,건축시공,경량철골시공,경량철골공
건설,건축,건축시공,건설공사판넬시공,건축 목공
건설,건축,건축시공,한옥시공,건축 목공
건설,건축,건축시공,석재시공,건축 석공
건설,건축,건축시공,석재시공,조적공 및 석재부설원
건설,건축,건축설비설계· 시공,건축설비설계,건축공학 기술자
건설,건축,건축설비설계· 시공,건축설비시공,건축공학 기술자
건설,건축,건축설비설계· 시공,건축설비감리,건축공학 기술자
건설,건축,건축설비설계· 시공,건축설비유지관리,건축공학 기술자
건설,건축,건축설비설계· 시공,배관시공,건설 배관공
건설,플랜트,플랜트설계·감리,발전설비설계,기계공학 기술자 및 연구원
건설,플랜트,플랜트설계·감리,발전설비설계,전기공학 기술자 및 연구원
건설,플랜트,플랜트설계·감리,석유·화학설비설계,기계공학 기술자 및 연구원
건설,플랜트,플랜트설계·감리,석유·화학설비설계,화학공학 기술자 및 연구원
건설,플랜트,플랜트설계·감리,에너지설비설계,기계공학 기술자 및 연구원
건설,플랜트,플랜트설계·감리,에너지설비설계,전기공학 기술자 및 연구원
건설,플랜트,플랜트설계·감리,제조공장설비설계,기계공학 기술자 및 연구원
건설,플랜트,플랜트설계·감리,환경설비설계,기계공학 기술자 및 연구원
건설,플랜트,플랜트설계·감리,환경설비설계,환경공학 기술자 및 연구원
건설,플랜트,플랜트설계·감리,플랜트설비감리,기계공학 기술자 및 연구원
건설,플랜트,플랜트설계·감리,플랜트설비감리,전기공학 기술자 및 연구원
건설,플랜트,플랜트설계·감리,플랜트설비감리,화학공학 기술자 및 연구원
건설,플랜트,플랜트설계·감리,해수담수화플랜트 설비설계,기계공학 기술자 및 연구원
건설,플랜트,플랜트설계·감리,해수담수화플랜트 설비설계,전기공학 기술자 및 연구원
건설,플랜트,플랜트설계·감리,해수담수화플랜트 설비설계,화학공학 기술자 및 연구원
건설,플랜트,플랜트시공,플랜트기계설비시공,공업 배관공
건설,플랜트,플랜트시공,플랜트기계설비시공,공업기계 설치·정비원
건설,플랜트,플랜트시공,플랜트전기설비시공,전기공학 기술자 및 연구원
건설,플랜트,플랜트시공,플랜트전기설비시공,산업 전기공
건설,플랜트,플랜트시공,플랜트계측설비시공,전기공학 기술자 및 연구원
건설,플랜트,플랜트시공,플랜트계측설비시공,산업 전기공
건설,플랜트,플랜트시공,플랜트계측설비시공,내선 전기공
건설,플랜트,플랜트사업관리,플랜트사업관리,건축가
건설,플랜트,플랜트사업관리,플랜트사업관리,건축공학 기술자
건설,플랜트,플랜트사업관리,플랜트사업관리,토목공학 기술자
건설,조경,조경,조경설계,조경 기술자
건설,조경,조경,조경시공,조경 기술자
건설,조경,조경,조경시공,조경원
건설,조경,조경,조경관리,조경원
건설,조경,조경,조경사업관리,조경 기술자
건설,도시·교통,국토·도시계획,국토·지역계획,도시·교통 전문가
건설,도시·교통,국토·도시계획,도시계획,도시·교통 전문가
건설,도시·교통,국토·도시계획,도시설계,도시·교통 전문가
건설,도시·교통,국토·도시계획,도시재생,도시·교통 전문가
건설,도시·교통,국토·도시계획,도시개발,도시·교통 전문가
건설,도시·교통,국토·도시계획,도시경관,도시·교통 전문가
건설,도시·교통,교통계획·설계,교통계획,도시·교통 전문가
건설,도시·교통,교통계획·설계,교통설계,도시·교통 전문가
건설,도시·교통,교통계획·설계,교통운영·감리,도시·교통 전문가
건설,도시·교통,주거서비스,주거서비스지원,사회복지사
건설,도시·교통,지능형교통,지능형교통체계(ITS) 기획 및 설계,도시·교통 전문가
건설,도시·교통,지능형교통,지능형교통체계(ITS) 개발 및 구축,통신공학 기술자 및 연구원
건설,도시·교통,지능형교통,지능형교통체계(ITS) 개발 및 구축,응용 소프트웨어 개발자
건설,도시·교통,지능형교통,지능형교통체계(ITS) 개발 및 구축,네트워크 시스템 개발자
건설,도시·교통,지능형교통,지능형교통체계(ITS) 운영 및 유지관리,정보시스템 운영자
건설,도시·교통,지능형교통,지능형교통체계(ITS) 운영 및 유지관리,도시·교통 전문가
건설,도시·교통,지능형교통,지능형교통체계(ITS) 운영 및 유지관리,통신장비 설치·수리원
건설,건설기계운전· 정비,토공기계운전,모터그레이더운전,건설·채굴 기계 운전원
건설,건설기계운전· 정비,토공기계운전,아스팔트피니셔운전,건설·채굴 기계 운전원
건설,건설기계운전· 정비,토공기계운전,롤러운전,건설·채굴 기계 운전원
건설,건설기계운전· 정비,토공기계운전,불도저운전,건설·채굴 기계 운전원
건설,건설기계운전· 정비,토공기계운전,로더운전,건설·채굴 기계 운전원
건설,건설기계운전· 정비,토공기계운전,굴착기운전,건설·채굴 기계 운전원
건설,건설기계운전· 정비,토공기계운전,준설선운전,건설·채굴 기계 운전원
건설,건설기계운전· 정비,기초공건설기계 운전,락드릴항타항발기 운전,건설·채굴 기계 운전원
건설,건설기계운전· 정비,기초공건설기계 운전,지열시추기운전,건설·채굴 기계 운전원
건설,건설기계운전· 정비,콘크리트공기계 운전,콘크리트공기계운전,건설·채굴 기계 운전원
건설,건설기계운전· 정비,적재기계운전,지게차운전,물품이동장비 조작원 (크레인·호이스트·지게차)
건설,건설기계운전· 정비,양중기계운전,기중기운전 (이동식크레인조종),물품이동장비 조작원 (크레인·호이스트·지게차)
건설,건설기계운전· 정비,양중기계운전,양화장치운전 (선박크레인조종),물품이동장비 조작원 (크레인·호이스트·지게차)
건설,건설기계운전· 정비,양중기계운전,타워크레인운전 (타워크레인조종),물품이동장비 조작원 (크레인·호이스트·지게차)
건설,건설기계운전· 정비,양중기계운전,천장크레인운전 (천장크레인조종),물품이동장비 조작원 (크레인·호이스트·지게차)
건설,건설기계운전· 정비,양중기계운전,컨테이너크레인운전 (컨테이너크레인조종),물품이동장비 조작원 (크레인·호이스트·지게차)
건설,건설기계운전· 정비,양중기계운전,줄걸이작업,하역·적재 종사원
건설,건설기계운전· 정비,양중기계운전,타워크레인설치해체,물품이동장비 설치·정비원
건설,건설기계운전· 정비,건설기계정비,건설기계정비,건설·광업 기계 설치·정비원
건설,건설기계운전· 정비,건설기계정비,굴착기정비,건설·광업 기계 설치·정비원
건설,건설기계운전· 정비,건설기계정비,지게차정비,물품이동장비 설치·정비원
건설,건설기계운전· 정비,건설기계정비,이동식크레인정비,물품이동장비 설치·정비원
건설,해양자원,해양환경조사,해양관측,자연과학 연구원
건설,해양자원,해양환경조사,해양측량,측량·지리정보 전문가
건설,해양자원,해양환경조사,해양생태환경조사,자연과학 연구원
건설,해양자원,해양환경관리,해양환경보전·복원,환경공학 기술자 및 연구원
건설,해양자원,해양환경관리,해양환경영향평가,환경공학 기술자 및 연구원
건설,해양자원,해양환경관리,해양오염관리·방제,환경공학 기술자 및 연구원
건설,해양자원,해양플랜트 설계·설치·운용,원유시추설비설치· 운용,기계공학 기술자 및 연구원
건설,해양자원,해양플랜트 설계·설치·운용,원유시추설비설치· 운용,가스·에너지공학 기술자 및 연구원
건설,해양자원,해양플랜트 설계·설치·운용,원유시추설비설치· 운용,건설·광업 기계 설치·정비원
건설,해양자원,해양플랜트 설계·설치·운용,원유생산설비설치· 운용,기계공학 기술자 및 연구원
건설,해양자원,해양플랜트 설계·설치·운용,원유생산설비설치· 운용,가스·에너지공학 기술자 및 연구원
건설,해양자원,해양플랜트 설계·설치·운용,원유생산설비설치· 운용,공업기계 설치·정비원
건설,해양자원,해양플랜트 설계·설치·운용,해양터미널구조물 설치,토목공학 기술자
건설,해양자원,해양플랜트 설계·설치·운용,해양플랜트프로세스 설계,기계공학 기술자 및 연구원
건설,해양자원,해양플랜트 설계·설치·운용,해양플랜트프로세스 설계,전기공학 기술자 및 연구원
건설,해양자원,해양플랜트 설계·설치·운용,해양플랜트프로세스 설계,화학공학 기술자 및 연구원
건설,해양자원,해양플랜트 설계·설치·운용,해양플랜트시운전 설계,기계공학 기술자 및 연구원
건설,해양자원,해양플랜트 설계·설치·운용,해양플랜트시운전 설계,전기공학 기술자 및 연구원
건설,해양자원,해양플랜트 설계·설치·운용,해양플랜트시운전 설계,화학공학 기술자 및 연구원
건설,해양자원,해양플랜트 설계·설치·운용,해양플랜트안전설계,기계공학 기술자 및 연구원
건설,해양자원,해양플랜트 설계·설치·운용,해양플랜트안전설계,전기공학 기술자 및 연구원
건설,해양자원,해양플랜트 설계·설치·운용,해양플랜트안전설계,화학공학 기술자 및 연구원
건설,해양자원,해양플랜트 설계·설치·운용,해양플랜트안전설계,소방공학 기술자 및 연구원
건설,해양자원,해양플랜트 설계·설치·운용,해양플랜트종합설계,기계공학 기술자 및 연구원
건설,해양자원,해양플랜트 설계·설치·운용,해양플랜트구조설계,기계공학 기술자 및 연구원
건설,해양자원,해양플랜트 설계·설치·운용,해양플랜트기계설계,기계공학 기술자 및 연구원
건설,해양자원,해양플랜트 설계·설치·운용,해양플랜트계장설계,기계공학 기술자 및 연구원
건설,해양자원,해양플랜트 설계·설치·운용,해양플랜트계장설계,전기공학 기술자 및 연구원
건설,해양자원,해양플랜트 설계·설치·운용,해양플랜트배관설계,기계공학 기술자 및 연구원
건설,해양자원,해양플랜트 설계·설치·운용,해양플랜트전장설계,전기공학 기술자 및 연구원
건설,해양자원,해양자원개발· 관리,해양자원탐사,측량·지리정보 전문가
건설,해양자원,해양자원개발· 관리,해양자원탐사,가스·에너지공학 기술자 및 연구원
건설,해양자원,해양자원개발· 관리,해양자원개발,가스·에너지공학 기술자 및 연구원
건설,해양자원,해양자원개발· 관리,해양자원관리,금속·재료공학 기술자 및 연구원
건설,해양자원,해양자원개발· 관리,해양자원관리,가스·에너지공학 기술자 및 연구원
건설,해양자원,잠수,일반잠수,촬영 기사
건설,해양자원,잠수,산업잠수,기타 채굴·토목 종사원
건설,해양자원,잠수,산업잠수,용접원
기계,기계설계,설계기획,기계설계기획,기계공학 기술자 및 연구원
기계,기계설계,설계기획,기계설계기획,로봇공학 기술자 및 연구원
기계,기계설계,설계기획,기계개발기획,기계공학 기술자 및 연구원
기계,기계설계,설계기획,기계개발기획,로봇공학 기술자 및 연구원
기계,기계설계,설계기획,기계조달,자재·구매·물류 사무원
기계,기계설계,설계기획,기계조달,기계공학 기술자 및 연구원
기계,기계설계,설계기획,기계조달,로봇공학 기술자 및 연구원
기계,기계설계,설계기획,기계마케팅,광고·홍보 전문가
기계,기계설계,설계기획,기계마케팅,기획·마케팅 사무원
기계,기계설계,설계기획,기계마케팅,기술 영업원
기계,기계설계,기계설계,기계요소설계,기계공학 기술자 및 연구원
기계,기계설계,기계설계,기계요소설계,로봇공학 기술자 및 연구원
기계,기계설계,기계설계,기계시스템설계,기계공학 기술자 및 연구원
기계,기계설계,기계설계,기계시스템설계,로봇공학 기술자 및 연구원
기계,기계설계,기계설계,구조해석설계,기계공학 기술자 및 연구원
기계,기계설계,기계설계,구조해석설계,로봇공학 기술자 및 연구원
기계,기계설계,기계설계,기계제어설계,기계공학 기술자 및 연구원
기계,기계설계,기계설계,기계제어설계,로봇공학 기술자 및 연구원
기계,기계가공,절삭가공,선반가공,금속 공작기계 조작원
기계,기계가공,절삭가공,밀링가공,금속 공작기계 조작원
기계,기계가공,절삭가공,연삭가공,금속 공작기계 조작원
기계,기계가공,절삭가공,CAM,금속 공작기계 조작원
기계,기계가공,절삭가공,측정,기계·로봇공학 시험원
기계,기계가공,절삭가공,측정,금속 공작기계 조작원
기계,기계가공,절삭가공,성형가공,금속 공작기계 조작원
기계,기계가공,특수가공,방전가공,금속 공작기계 조작원
기계,기계가공,특수가공,레이저가공,금속 공작기계 조작원
기계,기계가공,특수가공,워터젯가공,금속 공작기계 조작원
기계,기계가공,특수가공,플라즈마가공,금속 공작기계 조작원
기계,기계조립·관리,기계조립,기계수동조립,일반기계 조립원
기계,기계조립·관리,기계조립,기계소프트웨어개발,시스템 소프트웨어 개발자
기계,기계조립·관리,기계조립,기계소프트웨어개발,기계공학 기술자 및 연구원
기계,기계조립·관리,기계조립,기계소프트웨어개발,로봇공학 기술자 및 연구원
기계,기계조립·관리,기계조립,기계하드웨어개발,전자공학 기술자 및 연구원
기계,기계조립·관리,기계조립,기계펌웨어개발,시스템 소프트웨어 개발자
기계,기계조립·관리,기계조립,기계펌웨어개발,기계공학 기술자 및 연구원
기계,기계조립·관리,기계조립,기계펌웨어개발,로봇공학 기술자 및 연구원
기계,기계조립·관리,기계조립,기계펌웨어개발,전자공학 기술자 및 연구원
기계,기계조립·관리,기계생산관리,기계생산관리계획,생산·품질 사무원
기계,기계조립·관리,기계생산관리,기계생산관리계획,기계공학 기술자 및 연구원
기계,기계조립·관리,기계생산관리,기계생산관리계획,로봇공학 기술자 및 연구원
기계,기계조립·관리,기계생산관리,기계자재관리,자재·구매·물류 사무원
기계,기계조립·관리,기계생산관리,기계자재관리,기계공학 기술자 및 연구원
기계,기계조립·관리,기계생산관리,기계자재관리,로봇공학 기술자 및 연구원
기계,기계조립·관리,기계생산관리,기계공정관리,생산·품질 사무원
기계,기계조립·관리,기계생산관리,기계공정관리,기계공학 기술자 및 연구원
기계,기계조립·관리,기계생산관리,기계공정관리,로봇공학 기술자 및 연구원
기계,기계조립·관리,기계생산관리,기계생산성관리,생산·품질 사무원
기계,기계조립·관리,기계생산관리,기계생산성관리,기계공학 기술자 및 연구원
기계,기계조립·관리,기계생산관리,기계생산성관리,로봇공학 기술자 및 연구원
기계,기계조립·관리,기계생산관리,기계작업감독,기계공학 기술자 및 연구원
기계,기계조립·관리,기계생산관리,기계작업감독,로봇공학 기술자 및 연구원
기계,기계품질관리,기계품질관리,기계품질계획,생산·품질 사무원
기계,기계품질관리,기계품질관리,기계품질계획,기계공학 기술자 및 연구원
기계,기계품질관리,기계품질관리,기계품질계획,로봇공학 기술자 및 연구원
기계,기계품질관리,기계품질관리,기계품질관리,생산·품질 사무원
기계,기계품질관리,기계품질관리,기계품질관리,기계공학 기술자 및 연구원
기계,기계품질관리,기계품질관리,기계품질관리,로봇공학 기술자 및 연구원
기계,기계품질관리,기계품질관리,기계품질평가,생산·품질 사무원
기계,기계품질관리,기계품질관리,기계품질평가,기계공학 기술자 및 연구원
기계,기계품질관리,기계품질관리,기계품질평가,로봇공학 기술자 및 연구원
기계,기계장치설치,기계장비설치· 정비,운반하역기계설치· 정비,물품이동장비 설치·정비원
기계,기계장치설치,기계장비설치· 정비,건설광산기계설치· 정비,건설·광업 기계 설치·정비원
기계,기계장치설치,기계장비설치· 정비,섬유기계설치·정비,공업기계 설치·정비원
기계,기계장치설치,기계장비설치· 정비,공작기계설치·정비,공업기계 설치·정비원
기계,기계장치설치,기계장비설치· 정비,고무프라스틱기계 설치·정비,공업기계 설치·정비원
기계,기계장치설치,기계장비설치· 정비,농업용기계설치·정비,농업용 및 기타 기계장비 설치·정비원
기계,기계장치설치,기계장비설치· 정비,승강기설치·정비,승강기 설치·정비원
기계,기계장치설치,냉동공조설비,냉동공조설계,기계공학 기술자 및 연구원
기계,기계장치설치,냉동공조설비,냉동공조설치,냉동·냉장·공조기 설치· 정비원
기계,기계장치설치,냉동공조설비,냉동공조유지보수 관리,냉동·냉장·공조기 설치· 정비원
기계,기계장치설치,냉동공조설비,냉동공조유지보수 관리,냉·난방 설비 조작원
기계,기계장치설치,냉동공조설비,보일러설치·정비,보일러 설치·정비원
기계,기계장치설치,냉동공조설비,보일러설치·정비,냉·난방 설비 조작원
기계,기계장치설치,냉동공조설비,보일러운영관리,보일러 설치·정비원
기계,기계장치설치,냉동공조설비,보일러운영관리,냉·난방 설비 조작원
기계,기계장치설치,이륜차정비,오토바이정비,기타 운송장비 정비원
기계,기계장치설치,이륜차정비,자전거정비,기타 운송장비 정비원
기계,자동차,자동차설계,자동차설계,기계공학 기술자 및 연구원
기계,자동차,자동차설계,자동차시험평가,기계공학 기술자 및 연구원
기계,자동차,자동차설계,자동차시험평가,기계·로봇공학 시험원
기계,자동차,자동차설계,자동차공정설계,기계공학 기술자 및 연구원
기계,자동차,자동차제작,자동차조립,자동차 조립원
기계,자동차,자동차제작,자동차조립,자동차 부품 조립원
기계,자동차,자동차제작,자동차성능검사,기계·로봇공학 시험원
기계,자동차,자동차제작,자동차성능검사,자동차 정비원
기계,자동차,자동차정비,자동차전기·전자장치 정비,자동차 정비원
기계,자동차,자동차정비,자동차엔진정비,자동차 정비원
기계,자동차,자동차정비,자동차섀시정비,자동차 정비원
기계,자동차,자동차정비,자동차차체정비,자동차 정비원
기계,자동차,자동차정비,자동차도장,자동차 정비원
기계,자동차,자동차정비,자동차도장,도장원(도장기조작원)
기계,자동차,자동차정비,자동차정비검사,자동차 정비원
기계,자동차,자동차정비,전기자동차정비,자동차 정비원
기계,자동차,자동차정비관리,자동차정비경영관리,총무 사무원 및 대학 행정조교
기계,자동차,자동차정비관리,자동차정비경영관리,자동차 정비원
기계,자동차,자동차정비관리,자동차정비현장관리,자동차 정비원
기계,자동차,자동차관리,자동차영업,자동차 영업원
기계,자동차,자동차관리,자동차튜닝,자동차 정비원
기계,철도차량제작,철도차량설계· 제작,철도차량설계,기계공학 기술자 및 연구원
기계,철도차량제작,철도차량설계· 제작,철도차량제작,기계공학 기술자 및 연구원
기계,철도차량제작,철도차량설계· 제작,철도차량제작,운송장비 조립원
기계,철도차량제작,철도차량설계· 제작,철도차량시운전,기계·로봇공학 시험원
기계,철도차량제작,철도차량설계· 제작,철도차량시운전,철도·전동차 기관사
기계,철도차량제작,철도차량유지보수,고속차량유지보수,철도기관차·전동차 정비원
기계,철도차량제작,철도차량유지보수,디젤차량유지보수,철도기관차·전동차 정비원
기계,철도차량제작,철도차량유지보수,전기차량유지보수,철도기관차·전동차 정비원
기계,철도차량제작,철도차량유지보수,전기차량유지보수,산업 전기공
기계,철도차량제작,철도차량유지보수,객화차량유지보수,철도기관차·전동차 정비원
기계,철도차량제작,철도차량유지보수,특수차량유지보수,철도기관차·전동차 정비원
기계,조선,선박설계,선박기본설계,기계공학 기술자 및 연구원
기계,조선,선박설계,선체설계,기계공학 기술자 및 연구원
기계,조선,선박설계,선박배관설계,기계공학 기술자 및 연구원
기계,조선,선박설계,철의장설계,기계공학 기술자 및 연구원
기계,조선,선박설계,기장설계,기계공학 기술자 및 연구원
기계,조선,선박설계,전장설계,전기공학 기술자 및 연구원
기계,조선,선박설계,선실설계,건축가
기계,조선,선박설계,선실설계,기계공학 기술자 및 연구원
기계,조선,선체건조,선체가공,금속 공작기계 조작원
기계,조선,선체건조,선체가공,판금원
기계,조선,선체건조,선체가공,제관원
기계,조선,선체건조,선체가공,용접원
기계,조선,선체건조,선체조립,물품이동장비 조작원 (크레인·호이스트·지게차)
기계,조선,선체건조,선체조립,운송장비 조립원
기계,조선,선체건조,선체조립,용접원
기계,조선,선체건조,선박도장,도장원(도장기조작원)
기계,조선,선체건조,심출(철목),운송장비 조립원
기계,조선,선체건조,"조선비계(족장, 발판, scaffolding)",기타 건설 구조 기능원
기계,조선,선박의장생산,기장생산,공업 배관공
기계,조선,선박의장생산,기장생산,운송장비 조립원
기계,조선,선박의장생산,기장생산,용접원
기계,조선,선박의장생산,전장생산,산업 전기공
기계,조선,선박의장생산,전장생산,통신장비 설치·수리원
기계,조선,선박의장생산,선장생산,공업 배관공
기계,조선,선박의장생산,선장생산,운송장비 조립원
기계,조선,선박의장생산,선실의장생산,건축 목공
기계,조선,선박의장생산,선실의장생산,단열공
기계,조선,선박의장생산,선실의장생산,바닥재 시공원
기계,조선,선박품질관리,선체품질관리,생산·품질 사무원
기계,조선,선박품질관리,선체품질관리,기계·로봇공학 시험원
기계,조선,선박품질관리,의장품질관리,생산·품질 사무원
기계,조선,선박품질관리,의장품질관리,기계·로봇공학 시험원
기계,조선,선박품질관리,도장품질관리,생산·품질 사무원
기계,조선,선박품질관리,도장품질관리,금속·재료공학 시험원
기계,조선,선박생산관리,선박생산계획,생산·품질 사무원
기계,조선,선박생산관리,선박생산계획,기계공학 기술자 및 연구원
기계,조선,선박생산관리,선체생산관리,생산·품질 사무원
기계,조선,선박생산관리,선체생산관리,기계공학 기술자 및 연구원
기계,조선,선박생산관리,의장생산관리,생산·품질 사무원
기계,조선,선박생산관리,의장생산관리,기계공학 기술자 및 연구원
기계,조선,시운전,기장시운전,기계·로봇공학 시험원
기계,조선,시운전,기장시운전,"선장, 항해사 및 도선사"
기계,조선,시운전,선장시운전,기계·로봇공학 시험원
기계,조선,시운전,선장시운전,"선장, 항해사 및 도선사"
기계,조선,시운전,전장시운전,기계·로봇공학 시험원
기계,조선,시운전,전장시운전,"선장, 항해사 및 도선사"
기계,조선,선박정비,선체정비,선박 정비원
기계,조선,선박정비,선체정비,제관원
기계,조선,선박정비,선체정비,용접원
기계,조선,선박정비,선체정비,도장원(도장기조작원)
기계,조선,선박정비,선박기관정비,냉동·냉장·공조기 설치·정비원
기계,조선,선박정비,선박기관정비,선박 정비원
기계,조선,선박정비,선박배관정비,공업 배관공
기계,조선,선박정비,선박배관정비,선박 정비원
기계,조선,선박정비,전장정비,선박 정비원
기계,조선,선박정비,전장정비,산업 전기공
기계,조선,선박정비,전장정비,통신장비 설치·수리원
기계,조선,선박정비,의장정비,선박 정비원
기계,조선,선박정비,의장정비,제관원
기계,조선,선박정비,의장정비,용접원
기계,조선,선박정비,의장정비,도장원(도장기조작원)
기계,조선,레저선박,레저선박몰드제작,운송장비 조립원
기계,조선,레저선박,알루미늄레저선박건조,운송장비 조립원
기계,조선,레저선박,복합재료레저선박건조,운송장비 조립원
기계,조선,레저선박,레저선박도장,선박 정비원
기계,조선,레저선박,레저선박도장,도장원(도장기조작원)
기계,조선,레저선박,레저선박기장설치수리,선박 정비원
기계,항공기제작,항공기설계,항공기기체설계,기계공학 기술자 및 연구원
기계,항공기제작,항공기설계,항공기엔진· 프로펠러설계,기계공학 기술자 및 연구원
기계,항공기제작,항공기설계,항공기전기· 전자장비설계,전자공학 기술자 및 연구원
기계,항공기제작,항공기설계,항공기시스템설계,기계공학 기술자 및 연구원
기계,항공기제작,항공기설계,소형무인기비행체 개발,기계공학 기술자 및 연구원
기계,항공기제작,항공기제작,항공기기체제작,기계공학 기술자 및 연구원
기계,항공기제작,항공기제작,항공기기체제작,금속 공작기계 조작원
기계,항공기제작,항공기제작,항공기기체제작,운송장비 조립원
기계,항공기제작,항공기제작,항공기엔진· 프로펠러제작,기계공학 기술자 및 연구원
기계,항공기제작,항공기제작,항공기엔진· 프로펠러제작,금속기계부품 조립원
기계,항공기제작,항공기제작,항공기엔진· 프로펠러제작,운송장비 조립원
기계,항공기제작,항공기제작,항공기전기· 전자장비제작,운송장비 조립원
기계,항공기제작,항공기제작,항공기전기· 전자장비제작,전기·전자 부품·제품 조립원
기계,항공기제작,항공기정비,항공기기체정비,항공기 정비원
기계,항공기제작,항공기정비,항공기가스터빈엔진 정비,항공기 정비원
기계,항공기제작,항공기정비,항공기왕복엔진정비,항공기 정비원
기계,항공기제작,항공기정비,항공기프로펠러정비,항공기 정비원
기계,항공기제작,항공기정비,항공기계통정비,항공기 정비원
기계,항공기제작,항공기정비,항공기전기· 전자장비정비,항공기 정비원
기계,항공기제작,항공기정비,헬리콥터정비,항공기 정비원
기계,항공기제작,항공기정비,소형무인기정비,항공기 정비원
기계,항공기제작,항공장비관리,항공기정비관리,항공기 정비원
기계,항공기제작,항공장비관리,항공장비보급관리,자재·구매·물류 사무원
기계,항공기제작,항공장비관리,항공장구관리,자재·구매·물류 사무원
기계,항공기제작,항공장비관리,항공장구관리,항공기 정비원
기계,금형,금형(공통),금형스마트시스템 운영·관리,기계공학 기술자 및 연구원
기계,금형,금형(공통),금형스마트시스템 운영·관리,금형원
기계,금형,사출금형,사출금형설계,기계공학 기술자 및 연구원
기계,금형,사출금형,사출금형설계,금형원
기계,금형,사출금형,사출금형제작,금형원
기계,금형,사출금형,사출금형품질관리,금형원
기계,금형,사출금형,사출금형조립,금형원
기계,금형,프레스금형,프레스금형설계,기계공학 기술자 및 연구원
기계,금형,프레스금형,프레스금형설계,금형원
기계,금형,프레스금형,프레스금형제작,금형원
기계,금형,프레스금형,프레스금형품질관리,금형원
기계,금형,프레스금형,프레스금형조립,금형원
기계,금형,다이캐스팅금형,다이캐스팅금형설계,기계공학 기술자 및 연구원
기계,금형,다이캐스팅금형,다이캐스팅금형설계,금형원
기계,금형,다이캐스팅금형,다이캐스팅금형제작,금형원
기계,금형,다이캐스팅금형,다이캐스팅금형조립,금형원
기계,금형,다이캐스팅금형,다이캐스팅금형 품질관리,금형원
기계,스마트공장 (smart factory),스마트공장 (smart factory) 설계,스마트설비설계,기계공학 기술자 및 연구원
기계,스마트공장 (smart factory),스마트공장 (smart factory) 설계,스마트설비설계,전기공학 기술자 및 연구원
기계,스마트공장 (smart factory),스마트공장 (smart factory) 설계,스마트설비설계,전자공학 기술자 및 연구원
기계,스마트공장 (smart factory),스마트공장 (smart factory) 설치,스마트공장(smart factory) 시스템설치,정보시스템 운영자
기계,스마트공장 (smart factory),스마트공장 (smart factory) 설치,스마트공장(smart factory) 시스템설치,기타 전기·전자 기기 설치·수리원
기계,스마트공장 (smart factory),스마트공장 (smart factory) 설치,스마트공장(smart factory) 시스템설치,통신장비 설치·수리원
기계,스마트공장 (smart factory),스마트공장 (smart factory) 운영관리,스마트공장(smart factory)시스템관리,생산·품질 사무원
기계,스마트공장 (smart factory),스마트공장 (smart factory) 운영관리,스마트공장(smart factory)시스템관리,정보시스템 운영자
기계,스마트공장 (smart factory),스마트공장 (smart factory) 운영관리,스마트공장(smart factory)시스템관리,기계공학 기술자 및 연구원
기계,스마트공장 (smart factory),스마트공장 (smart factory) 운영관리,스마트공장(smart factory) 기계설비 유지관리,정보시스템 운영자
기계,스마트공장 (smart factory),스마트공장 (smart factory) 운영관리,스마트공장(smart factory) 기계설비 유지관리,공업기계 설치·정비원
기계,스마트공장 (smart factory),스마트공장 (smart factory) 운영관리,스마트공장(smart factory) 기계설비 유지관리,통신장비 설치·수리원
재료,금속재료,금속엔지니어링,재료설계,금속·재료공학 기술자 및 연구원
재료,금속재료,금속엔지니어링,재료시험,금속·재료공학 기술자 및 연구원
재료,금속재료,금속엔지니어링,재료시험,금속·재료공학 시험원
재료,금속재료,금속엔지니어링,재료조직평가,금속·재료공학 기술자 및 연구원
재료,금속재료,금속엔지니어링,재료조직평가,금속·재료공학 시험원
재료,금속재료,금속재료제조,금속재료제조공통,금속가공 제어장치 조작원
재료,금속재료,금속재료제조,금속재료제조공통,금속가공 기계 조작원
재료,금속재료,금속재료제조,제선,금속가공 제어장치 조작원
재료,금속재료,금속재료제조,열간압연,금속가공 기계 조작원
재료,금속재료,금속재료제조,냉간압연,금속가공 기계 조작원
재료,금속재료,금속재료제조,금속재료제조설비정비,공업기계 설치·정비원
재료,금속재료,금속재료제조,금속재료제조설비정비,산업 전기공
재료,금속재료,금속재료제조,전로제강,금속가공 제어장치 조작원
재료,금속재료,금속재료제조,전기로제강,금속가공 제어장치 조작원
재료,금속재료,금속재료제조,2차정련,금속가공 제어장치 조작원
재료,금속재료,금속재료제조,연속주조,금속가공 제어장치 조작원
재료,금속재료,금속가공,주조,금속·재료공학 기술자 및 연구원
재료,금속재료,금속가공,주조,주조원
재료,금속재료,금속가공,주조,주조기조작원
재료,금속재료,금속가공,단조·압출·인발,금속·재료공학 기술자 및 연구원
재료,금속재료,금속가공,단조·압출·인발,금형원
재료,금속재료,금속가공,단조·압출·인발,금속가공 기계 조작원
재료,금속재료,금속가공,단조·압출·인발,단조원
재료,금속재료,금속가공,단조·압출·인발,단조기조작원
재료,금속재료,금속가공,열처리,금속·재료공학 기술자 및 연구원
재료,금속재료,금속가공,열처리,금속가공 기계 조작원
재료,금속재료,금속가공,선재가공,금속가공 기계 조작원
재료,금속재료,금속가공,판금제관,판금원
재료,금속재료,금속가공,판금제관,판금기조작원
재료,금속재료,금속가공,판금제관,제관원
재료,금속재료,금속가공,판금제관,제관기조작원
재료,금속재료,금속가공,강관제조,금속가공 기계 조작원
재료,금속재료,금속가공,강관제조,용접기조작원
재료,금속재료,금속가공,분말야금,금속가공 기계 조작원
재료,금속재료,금속가공,특수주조,주조원
재료,금속재료,금속가공,특수주조,주조기조작원
재료,금속재료,표면처리,도금,도금·금속분무기 조작원
재료,금속재료,표면처리,금속도장,도장원(도장기조작원)
재료,금속재료,용접,용접공통직무,용접원
재료,금속재료,용접,용접공통직무,용접기조작원
재료,금속재료,용접,피복아크용접,용접원
재료,금속재료,용접,CO₂용접,용접원
재료,금속재료,용접,CO₂용접,용접기조작원
재료,금속재료,용접,가스텅스텐아크용접,용접원
재료,금속재료,용접,가스텅스텐아크용접,용접기조작원
재료,금속재료,용접,가스메탈아크용접,용접원
재료,금속재료,용접,가스메탈아크용접,용접기조작원
재료,금속재료,용접,서브머지드아크용접,용접기조작원
재료,금속재료,용접,로봇용접,용접기조작원
재료,금속재료,용접,저항용접,용접원
재료,금속재료,용접,저항용접,용접기조작원
재료,금속재료,비철금속재료제조,마그네슘제조,금속가공 제어장치 조작원
재료,금속재료,비철금속재료제조,마그네슘제조,금속가공 기계 조작원
재료,금속재료,비철금속재료제조,타이타늄제조,금속가공 제어장치 조작원
재료,금속재료,비철금속재료제조,타이타늄제조,금속가공 기계 조작원
재료,금속재료,비철금속재료제조,알루미늄가공,금속가공 기계 조작원
재료,금속재료,비철금속재료제조,비철금속건식제련,금속가공 제어장치 조작원
재료,금속재료,비철금속재료제조,비철금속건식제련,금속가공 기계 조작원
재료,금속재료,비철금속재료제조,비철금속습식제련,금속가공 제어장치 조작원
재료,금속재료,비철금속재료제조,비철금속습식제련,금속가공 기계 조작원
재료,세라믹재료,세라믹재료공통,세라믹재료품질관리,생산·품질 사무원
재료,세라믹재료,세라믹재료공통,세라믹재료품질관리,금속·재료공학 기술자 및 연구원
재료,세라믹재료,세라믹재료공통,세라믹재료품질관리,금속·재료공학 시험원
재료,세라믹재료,세라믹재료공통,세라믹재료환경 안전관리,생산·품질 사무원
재료,세라믹재료,세라믹재료공통,세라믹재료환경 안전관리,금속·재료공학 기술자 및 연구원
재료,세라믹재료,세라믹재료공통,세라믹재료환경 안전관리,금속·재료공학 시험원
재료,세라믹재료,소성· 소결세라믹제조,소성·소결세라믹 원료합성처리,금속·재료공학 시험원
재료,세라믹재료,소성· 소결세라믹제조,소성·소결세라믹 원료합성처리,점토제품 생산기계 조작원
재료,세라믹재료,소성· 소결세라믹제조,소성·소결세라믹 원료합성처리,시멘트·광물제품 생산기계 조작원
재료,세라믹재료,소성· 소결세라믹제조,소성·소결세라믹 성형,점토제품 생산기계 조작원
재료,세라믹재료,소성· 소결세라믹제조,세라믹 소성·소결,점토제품 생산기계 조작원
재료,세라믹재료,소성· 소결세라믹제조,세라믹 소성·소결,시멘트·광물제품 생산기계 조작원
재료,세라믹재료,소성· 소결세라믹제조,소성·소결세라믹 후처리,점토제품 생산기계 조작원
재료,세라믹재료,소성· 소결세라믹제조,소성·소결세라믹 후처리,시멘트·광물제품 생산기계 조작원
재료,세라믹재료,소성· 소결세라믹제조,소성·소결세라믹시공,점토제품 생산기계 조작원
재료,세라믹재료,용융세라믹제조,용융세라믹원료배합,유리·유리제품 생산기계 조작원
재료,세라믹재료,용융세라믹제조,용융세라믹용융,유리·유리제품 생산기계 조작원
재료,세라믹재료,용융세라믹제조,용융세라믹성형,유리·유리제품 생산기계 조작원
재료,세라믹재료,용융세라믹제조,용융세라믹가공,유리·유리제품 생산기계 조작원
재료,세라믹재료,탄소재료제조,탄소재료생산,금속·재료공학 기술자 및 연구원
재료,세라믹재료,탄소재료제조,탄소재료생산,금속·재료공학 시험원
재료,세라믹재료,탄소재료제조,탄소재료생산,기타 비금속제품 생산기계 조작원
재료,세라믹재료,탄소재료제조,탄소재료품질관리,금속·재료공학 기술자 및 연구원
재료,세라믹재료,탄소재료제조,탄소재료품질관리,금속·재료공학 시험원
화학·바이오,화학·바이오공통,화학물질· 품질관리,화학물질분석,화학공학 기술자 및 연구원
화학·바이오,화학·바이오공통,화학물질· 품질관리,화학물질분석,화학공학 시험원
화학·바이오,화학·바이오공통,화학물질· 품질관리,화학물질검사·평가,화학공학 기술자 및 연구원
화학·바이오,화학·바이오공통,화학물질· 품질관리,화학물질검사·평가,화학공학 시험원
화학·바이오,화학·바이오공통,화학물질· 품질관리,화학물질취급관리,화학공학 기술자 및 연구원
화학·바이오,화학·바이오공통,화학물질· 품질관리,화학물질취급관리,산업 안전원 및 위험 관리원
화학·바이오,화학·바이오공통,화학물질· 품질관리,화학제품품질관리,생산·품질 사무원
화학·바이오,화학·바이오공통,화학물질· 품질관리,화학제품품질관리,화학공학 기술자 및 연구원
화학·바이오,화학·바이오공통,화학물질· 품질관리,화학제품품질관리,화학공학 시험원
화학·바이오,화학·바이오공통,화학공정관리,화학공정설계,화학공학 기술자 및 연구원
화학·바이오,화학·바이오공통,화학공정관리,화학반응공정개발운전,화학공학 기술자 및 연구원
화학·바이오,화학·바이오공통,화학공정관리,화학공정유지운영,화학공학 기술자 및 연구원
화학·바이오,화학·바이오공통,화학제품연구개발,화학제품연구개발,화학공학 기술자 및 연구원
화학·바이오,화학·바이오공통,화학제품연구개발,화학신소재개발,화학공학 기술자 및 연구원
화학·바이오,화학·바이오공통,화학제품연구개발,화학제품기술사업화 관리,화학공학 기술자 및 연구원
화학·바이오,석유·기초화학물,석유화학공통,석유화학공정운전,석유·천연가스 제조 제어장치 조작원
화학·바이오,석유·기초화학물,석유화학공통,석유화학공정운전,화학물 가공장치 조작원
화학·바이오,석유·기초화학물,석유·천연가스,석유제품제조,화학공학 기술자 및 연구원
화학·바이오,석유·기초화학물,석유·천연가스,석유제품제조,석유·천연가스 제조 제어장치 조작원
화학·바이오,석유·기초화학물,기초유기화학물,석유화학제품제조,화학공학 기술자 및 연구원
화학·바이오,석유·기초화학물,기초유기화학물,석유화학제품제조,화학물 가공장치 조작원
화학·바이오,석유·기초화학물,기초유기화학물,합성수지제조,화학공학 기술자 및 연구원
화학·바이오,석유·기초화학물,기초유기화학물,합성수지제조,화학물 가공장치 조작원
화학·바이오,석유·기초화학물,기초유기화학물,합섬원료제조,화학공학 기술자 및 연구원
화학·바이오,석유·기초화학물,기초유기화학물,합섬원료제조,화학물 가공장치 조작원
화학·바이오,석유·기초화학물,기초유기화학물,합성고무제조,화학공학 기술자 및 연구원
화학·바이오,석유·기초화학물,기초유기화학물,합성고무제조,화학물 가공장치 조작원
화학·바이오,석유·기초화학물,기초유기화학물,고분자복합재료제조,화학공학 기술자 및 연구원
화학·바이오,석유·기초화학물,기초유기화학물,고분자복합재료제조,화학물 가공장치 조작원
화학·바이오,석유·기초화학물,기초유기화학물,기능성고분자제조,화학공학 기술자 및 연구원
화학·바이오,석유·기초화학물,기초유기화학물,기능성고분자제조,화학물 가공장치 조작원
화학·바이오,석유·기초화학물,기초무기화학물,산·알카리제조,화학공학 기술자 및 연구원
화학·바이오,석유·기초화학물,기초무기화학물,산·알카리제조,화학물 가공장치 조작원
화학·바이오,정밀화학,정밀화학(공통),정밀화학생산,화학공학 기술자 및 연구원
화학·바이오,정밀화학,정밀화학(공통),정밀화학생산,화학제품 생산기계 조작원 (고무·플라스틱 제외)
화학·바이오,정밀화학,비료·농약,농약제조,화학공학 기술자 및 연구원
화학·바이오,정밀화학,비료·농약,농약제조,화학제품 생산기계 조작원 (고무·플라스틱 제외)
화학·바이오,정밀화학,비료·농약,무기질비료제조,화학공학 기술자 및 연구원
화학·바이오,정밀화학,비료·농약,무기질비료제조,화학물 가공장치 조작원
화학·바이오,정밀화학,비료·농약,무기질비료제조,화학제품 생산기계 조작원 (고무·플라스틱 제외)
화학·바이오,정밀화학,기능성정밀화학,계면활성제제조,화학공학 기술자 및 연구원
화학·바이오,정밀화학,기능성정밀화학,계면활성제제조,화학제품 생산기계 조작원 (고무·플라스틱 제외)
화학·바이오,정밀화학,기능성정밀화학,첨가제제조,화학공학 기술자 및 연구원
화학·바이오,정밀화학,기능성정밀화학,첨가제제조,화학제품 생산기계 조작원 (고무·플라스틱 제외)
화학·바이오,정밀화학,기능성정밀화학,색소(염·안료)제조,화학공학 기술자 및 연구원
화학·바이오,정밀화학,기능성정밀화학,색소(염·안료)제조,화학제품 생산기계 조작원 (고무·플라스틱 제외)
화학·바이오,정밀화학,기능성정밀화학,도료제조,화학공학 기술자 및 연구원
화학·바이오,정밀화학,기능성정밀화학,도료제조,화학제품 생산기계 조작원 (고무·플라스틱 제외)
화학·바이오,정밀화학,기능성정밀화학,접착제제조,화학공학 기술자 및 연구원
화학·바이오,정밀화학,기능성정밀화학,접착제제조,화학제품 생산기계 조작원 (고무·플라스틱 제외)
화학·바이오,정밀화학,기능성정밀화학,화약류제조,화학공학 기술자 및 연구원
화학·바이오,정밀화학,기능성정밀화학,화약류제조,화학제품 생산기계 조작원 (고무·플라스틱 제외)
화학·바이오,정밀화학,의약품,의약품생산,화학공학 기술자 및 연구원
화학·바이오,정밀화학,의약품,의약품생산,화학제품 생산기계 조작원 (고무·플라스틱 제외)
화학·바이오,정밀화학,의약품,의약품품질관리,생산·품질 사무원
화학·바이오,정밀화학,의약품,의약품품질관리,화학공학 기술자 및 연구원
화학·바이오,정밀화학,의약품,의약품연구개발,화학공학 기술자 및 연구원
화학·바이오,정밀화학,의약품,의약품비임상시험,생명과학 연구원
화학·바이오,정밀화학,의약품,의약품비임상시험,생명과학 시험원
화학·바이오,정밀화학,화장품,화장품생산,생산·품질 사무원
화학·바이오,정밀화학,화장품,화장품생산,화학공학 기술자 및 연구원
화학·바이오,정밀화학,화장품,화장품생산,화학제품 생산기계 조작원 (고무·플라스틱 제외)
화학·바이오,정밀화학,화장품,화장품품질관리,생산·품질 사무원
화학·바이오,정밀화학,화장품,화장품품질관리,화학공학 기술자 및 연구원
화학·바이오,정밀화학,화장품,화장품연구개발,화학공학 기술자 및 연구원
화학·바이오,플라스틱·고무,플라스틱,압출성형,플라스틱제품 생산기계 조작원
화학·바이오,플라스틱·고무,플라스틱,코팅,플라스틱제품 생산기계 조작원
화학·바이오,플라스틱·고무,플라스틱,중공·진공성형,플라스틱제품 생산기계 조작원
화학·바이오,플라스틱·고무,플라스틱,컴파운딩,플라스틱제품 생산기계 조작원
화학·바이오,플라스틱·고무,플라스틱,사출성형,플라스틱제품 생산기계 조작원
화학·바이오,플라스틱·고무,고무,고무배합,타이어·고무제품 생산기계 조작원
화학·바이오,플라스틱·고무,고무,고무제품제조,타이어·고무제품 생산기계 조작원
화학·바이오,바이오,바이오의약,바이오의약품생산,생명과학 연구원
화학·바이오,바이오,바이오의약,바이오의약품생산,생명과학 시험원
화학·바이오,바이오,바이오의약,바이오의약품생산,화학제품 생산기계 조작원 (고무·플라스틱 제외)
화학·바이오,바이오,바이오의약,바이오의약품개발,생명과학 연구원
화학·바이오,바이오,바이오의약,바이오의약품개발,생명과학 시험원
화학·바이오,바이오,바이오의약,바이오진단제품개발· 서비스,생명과학 연구원
화학·바이오,바이오,바이오의약,바이오진단제품개발· 서비스,생명과학 시험원
화학·바이오,바이오,바이오의약,생물학적제제개발,생명과학 연구원
화학·바이오,바이오,바이오의약,생물학적제제개발,생명과학 시험원
화학·바이오,바이오,바이오의약,첨단바이오의약품개발,생명과학 연구원
화학·바이오,바이오,바이오의약,첨단바이오의약품개발,생명과학 시험원
화학·바이오,바이오,바이오의약,바이오의약품품질관리,생산·품질 사무원
화학·바이오,바이오,바이오의약,바이오의약품품질관리,생명과학 연구원
화학·바이오,바이오,바이오의약,바이오의약품품질관리,생명과학 시험원
화학·바이오,바이오,바이오의약,바이오의약품품질관리,화학공학 기술자 및 연구원
화학·바이오,바이오,바이오화학,바이오화학제품제조,생명과학 연구원
화학·바이오,바이오,바이오화학,바이오화학제품제조,화학공학 기술자 및 연구원
화학·바이오,바이오,바이오화학,바이오플라스틱 제품제조,생명과학 연구원
화학·바이오,바이오,바이오화학,바이오플라스틱 제품제조,화학공학 기술자 및 연구원
화학·바이오,바이오,바이오화학,특수바이오화학 제품제조,생명과학 연구원
화학·바이오,바이오,바이오화학,특수바이오화학 제품제조,화학공학 기술자 및 연구원
화학·바이오,바이오,바이오기술,유전체정보분석,생명과학 연구원
화학·바이오,바이오,바이오기술,유전체정보분석,생명과학 시험원
화학·바이오,바이오,바이오기술,유전자변형,생명과학 연구원
화학·바이오,바이오,바이오기술,유전자변형,생명과학 시험원
섬유·의복,섬유제조,섬유생산,방사,섬유 제조기계 조작원
섬유·의복,섬유제조,섬유생산,방적,섬유 제조기계 조작원
섬유·의복,섬유제조,섬유생산,제직,직조기·편직기 조작원
섬유·의복,섬유제조,섬유생산,편직,직조기·편직기 조작원
섬유·의복,섬유제조,섬유생산,부직포,기타 직물·신발 기계 조작원 및 조립원
섬유·의복,섬유제조,섬유생산,사가공,섬유 제조기계 조작원
섬유·의복,섬유제조,섬유가공,염색가공,섬유공학 시험원
섬유·의복,섬유제조,섬유가공,염색가공,표백·염색기 조작원
섬유·의복,섬유제조,섬유생산관리,구매생산관리,생산·품질 사무원
섬유·의복,섬유제조,섬유생산관리,구매생산관리,섬유공학 기술자 및 연구원
섬유·의복,섬유제조,섬유생산관리,생산현장관리,생산·품질 사무원
섬유·의복,섬유제조,섬유생산관리,생산현장관리,섬유공학 기술자 및 연구원
섬유·의복,패션,패션제품기획,패션기획,상품 기획자
섬유·의복,패션,패션제품기획,패션디자인,패션 디자이너
섬유·의복,패션,패션제품기획,패턴,패턴사
섬유·의복,패션,패션제품기획,비주얼머천다이징,실내장식 디자이너
섬유·의복,패션,패션제품생산,제직의류생산,재단사
섬유·의복,패션,패션제품생산,제직의류생산,재봉사
섬유·의복,패션,패션제품생산,제직의류생산,양장·양복 제조원
섬유·의복,패션,패션제품생산,편직의류생산,재단사
섬유·의복,패션,패션제품생산,편직의류생산,재봉사
섬유·의복,패션,패션제품생산,편직의류생산,양장·양복 제조원
섬유·의복,패션,패션제품생산,가죽·모피생산,모피·가죽의복 제조원
섬유·의복,패션,패션제품생산,패션소품생산,기타 섬유·가죽 기능원
섬유·의복,패션,패션제품생산,한복생산,한복 제조원
섬유·의복,패션,패션제품유통,의류유통관리,기획·마케팅 사무원
섬유·의복,패션,패션제품유통,가죽·모피유통관리,기획·마케팅 사무원
섬유·의복,패션,패션제품유통,신발유통관리,기획·마케팅 사무원
섬유·의복,패션,패션제품유통,패션소품유통관리,기획·마케팅 사무원
섬유·의복,패션,신발개발·생산,신발생산,신발 제조기계 조작원 및 조립원
섬유·의복,패션,신발개발·생산,신발개발,상품 기획자
섬유·의복,패션,신발개발·생산,신발개발,패션 디자이너
섬유·의복,패션,신발개발·생산,신발개발,제화원
섬유·의복,의복관리,세탁·수선,세탁,세탁원(다림질원)
섬유·의복,의복관리,세탁·수선,세탁,세탁 기계 조작원
섬유·의복,의복관리,세탁·수선,수선,의복·가죽·모피 수선원
전기·전자,전기,발전설비설계,수력발전설비설계,전기공학 기술자 및 연구원
전기·전자,전기,발전설비설계,화력발전설비설계,전기공학 기술자 및 연구원
전기·전자,전기,발전설비설계,원자력발전설비설계,전기공학 기술자 및 연구원
전기·전자,전기,발전설비운영,수력발전설비운영,발전·배전 장치 조작원
전기·전자,전기,발전설비운영,화력발전설비운영,발전·배전 장치 조작원
전기·전자,전기,발전설비운영,원자력발전설비운영,발전·배전 장치 조작원
전기·전자,전기,발전설비운영,원자력발전전기설비 정비,산업 전기공
전기·전자,전기,발전설비운영,원자력발전기계설비 정비,공업기계 설치·정비원
전기·전자,전기,발전설비운영,원자력발전계측제어 설비정비,산업 전기공
전기·전자,전기,송배전설비,송변전배전설비설계,전기공학 기술자 및 연구원
전기·전자,전기,송배전설비,송변전배전설비운영,외선 전기공
전기·전자,전기,송배전설비,송변전배전설비운영,발전·배전 장치 조작원
전기·전자,전기,송배전설비,송변전배전설비공사 감리,전기공학 기술자 및 연구원
전기·전자,전기,송배전설비,직류송배전전력변환 설비제작,전기공학 기술자 및 연구원
전기·전자,전기,송배전설비,직류송배전전력변환 설비제작,전기·전자 부품·제품 조립원
전기·전자,전기,송배전설비,직류송배전제어· 보호시스템설비제작,전기공학 기술자 및 연구원
전기·전자,전기,송배전설비,직류송배전제어· 보호시스템설비제작,전기·전자 부품·제품 조립원
전기·전자,전기,송배전설비,직류송배전시험평가,전기공학 기술자 및 연구원
전기·전자,전기,송배전설비,직류송배전시험평가,전기·전자공학 시험원
전기·전자,전기,송배전설비,직류송배전전력 변환설비설계,전기공학 기술자 및 연구원
전기·전자,전기,송배전설비,직류송배전제어· 보호시스템설비설계,전기공학 기술자 및 연구원
전기·전자,전기,지능형전력망설비,지능형전력망설비,전기공학 기술자 및 연구원
전기·전자,전기,지능형전력망설비,지능형전력망설비,내선 전기공
전기·전자,전기,지능형전력망설비,지능형전력망설비,외선 전기공
전기·전자,전기,지능형전력망설비,지능형전력망설비,발전·배전 장치 조작원
전기·전자,전기,지능형전력망설비,지능형전력망 설비소프트웨어,시스템 소프트웨어 개발자
전기·전자,전기,지능형전력망설비,지능형전력망 설비소프트웨어,전기공학 기술자 및 연구원
전기·전자,전기,전기기기제작,전기기기설계,전기공학 기술자 및 연구원
전기·전자,전기,전기기기제작,전기기기제작,전기 부품·제품 생산기계 조작원
전기·전자,전기,전기기기제작,전기기기제작,전기·전자 부품·제품 조립원
전기·전자,전기,전기기기제작,전기기기유지보수,내선 전기공
전기·전자,전기,전기기기제작,전기전선제조,전기 부품·제품 생산기계 조작원
전기·전자,전기,전기설비설계· 감리,전기설비설계,전기공학 기술자 및 연구원
전기·전자,전기,전기설비설계· 감리,전기설비감리,전기공학 기술자 및 연구원
전기·전자,전기,전기설비설계· 감리,전기설비운영,전기·전자 설비 조작원
전기·전자,전기,전기공사,내선공사,내선 전기공
전기·전자,전기,전기공사,외선공사,외선 전기공
전기·전자,전기,전기공사,변전설비공사,외선 전기공
전기·전자,전기,전기공사,전기공사관리,전기공학 기술자 및 연구원
전기·전자,전기,전기공사,전기공사관리,내선 전기공
전기·전자,전기,전기공사,전기공사관리,외선 전기공
전기·전자,전기,전기자동제어,자동제어시스템설계,전기공학 기술자 및 연구원
전기·전자,전기,전기자동제어,자동제어기기제작,전기공학 기술자 및 연구원
전기·전자,전기,전기자동제어,자동제어기기제작,전기 부품·제품 생산기계 조작원
전기·전자,전기,전기자동제어,자동제어기기제작,전기·전자 부품·제품 조립원
전기·전자,전기,전기자동제어,자동제어시스템 유지정비,산업 전기공
전기·전자,전기,전기자동제어,자동제어시스템 유지정비,내선 전기공
전기·전자,전기,전기자동제어,자동제어시스템운영,자동조립라인·산업용로봇 조작원
전기·전자,전기,전기자동제어,자동제어시스템운영,전기·전자 설비 조작원
전기·전자,전기,전기철도,전기철도설계·감리,전기공학 기술자 및 연구원
전기·전자,전기,전기철도,전기철도시공,외선 전기공
전기·전자,전기,전기철도,전기철도시설물 유지보수,외선 전기공
전기·전자,전기,철도신호제어,철도신호제어설계· 감리,전기공학 기술자 및 연구원
전기·전자,전기,철도신호제어,철도신호제어시공,내선 전기공
전기·전자,전기,철도신호제어,철도신호제어시설물 유지보수,내선 전기공
전기·전자,전기,초임계CO₂발전,초임계CO₂ 발전열원설계&#8231;제작,전기공학 기술자 및 연구원
전기·전자,전기,초임계CO₂발전,초임계CO₂ 열교환기설계&#8231;제작,전기공학 기술자 및 연구원
전기·전자,전기,초임계CO₂발전,초임계CO₂ 회전기기설계·제작,전기공학 기술자 및 연구원
전기·전자,전기,전기저장장치,전기저장장치개발,전기공학 기술자 및 연구원
전기·전자,전기,전기저장장치,전기저장장치설치,전기공학 기술자 및 연구원
전기·전자,전기,미래형전기시스템,스마트유지보수운영,전기공학 기술자 및 연구원
전기·전자,전기,미래형전기시스템,스마트유지보수운영,산업 전기공
전기·전자,전기,전지,리튬이온전지셀제조,생산·품질 사무원
전기·전자,전기,전지,리튬이온전지셀제조,화학공학 기술자 및 연구원
전기·전자,전기,전지,리튬이온전지셀제조,전기 부품·제품 생산기계 조작원
전기·전자,전자기기일반,전자제품개발 기획·생산,전자제품기획,상품 기획자
전기·전자,전자기기일반,전자제품개발 기획·생산,전자제품기획,전자공학 기술자 및 연구원
전기·전자,전자기기일반,전자제품개발 기획·생산,전자제품생산,전자 부품·제품 생산기계 조작원
전기·전자,전자기기일반,전자제품개발 기획·생산,전자제품생산,전기·전자 부품·제품 조립원
전기·전자,전자기기일반,전자부품기획· 생산,전자부품기획,상품 기획자
전기·전자,전자기기일반,전자부품기획· 생산,전자부품기획,전자공학 기술자 및 연구원
전기·전자,전자기기일반,전자부품기획· 생산,전자부품생산,전자 부품·제품 생산기계 조작원
전기·전자,전자기기일반,전자부품기획· 생산,전자부품생산,전기·전자 부품·제품 조립원
전기·전자,전자기기일반,전자제품고객지원,전자제품설치·정비,사무용 전자기기 설치·수리원
전기·전자,전자기기일반,전자제품고객지원,전자제품설치·정비,가전제품 설치·수리원
전기·전자,전자기기일반,전자제품고객지원,전자제품설치·정비,컴퓨터 설치·수리원
전기·전자,전자기기일반,전자제품고객지원,전자제품설치·정비,이동전화기 수리원
전기·전자,전자기기일반,전자제품고객지원,전자제품영업,기술 영업원
전기·전자,전자기기개발,가전기기개발,가전기기시스템 소프트웨어개발,시스템 소프트웨어 개발자
전기·전자,전자기기개발,가전기기개발,가전기기응용 소프트웨어개발,응용 소프트웨어 개발자
전기·전자,전자기기개발,가전기기개발,가전기기하드웨어개발,전자공학 기술자 및 연구원
전기·전자,전자기기개발,가전기기개발,가전기기기구개발,기계공학 기술자 및 연구원
전기·전자,전자기기개발,산업용전자 기기개발,산업용전자기기 하드웨어개발,컴퓨터 하드웨어 기술자 및 연구원
전기·전자,전자기기개발,산업용전자 기기개발,산업용전자기기 하드웨어개발,전자공학 기술자 및 연구원
전기·전자,전자기기개발,산업용전자 기기개발,산업용전자기기 기구개발,기계공학 기술자 및 연구원
전기·전자,전자기기개발,산업용전자 기기개발,산업용전자기기 소프트웨어개발,시스템 소프트웨어 개발자
전기·전자,전자기기개발,산업용전자 기기개발,산업용전자기기 소프트웨어개발,전자공학 기술자 및 연구원
전기·전자,전자기기개발,정보통신 기기개발,정보통신기기 하드웨어개발,컴퓨터 하드웨어 기술자 및 연구원
전기·전자,전자기기개발,정보통신 기기개발,정보통신기기 하드웨어개발,통신공학 기술자 및 연구원
전기·전자,전자기기개발,정보통신 기기개발,정보통신기기 기구개발,기계공학 기술자 및 연구원
전기·전자,전자기기개발,정보통신 기기개발,정보통신기기 소프트웨어개발,통신공학 기술자 및 연구원
전기·전자,전자기기개발,정보통신 기기개발,정보통신기기 소프트웨어개발,시스템 소프트웨어 개발자
전기·전자,전자기기개발,전자응용 기기개발,전자응용기기 하드웨어개발,컴퓨터 하드웨어 기술자 및 연구원
전기·전자,전자기기개발,전자응용 기기개발,전자응용기기 하드웨어개발,전자공학 기술자 및 연구원
전기·전자,전자기기개발,전자응용 기기개발,전자응용기기 기구개발,기계공학 기술자 및 연구원
전기·전자,전자기기개발,전자응용 기기개발,전자응용기기 소프트웨어개발,시스템 소프트웨어 개발자
전기·전자,전자기기개발,전자응용 기기개발,전자응용기기 소프트웨어개발,전자공학 기술자 및 연구원
전기·전자,전자기기개발,전자부품개발,전자부품하드웨어 개발,전자공학 기술자 및 연구원
전기·전자,전자기기개발,전자부품개발,전자부품기구개발,기계공학 기술자 및 연구원
전기·전자,전자기기개발,전자부품개발,전자부품소프트웨어 개발,시스템 소프트웨어 개발자
전기·전자,전자기기개발,전자부품개발,전자부품소프트웨어 개발,전자공학 기술자 및 연구원
전기·전자,전자기기개발,반도체개발,반도체개발,전자공학 기술자 및 연구원
전기·전자,전자기기개발,반도체개발,반도체제조,전자 부품·제품 생산기계 조작원
전기·전자,전자기기개발,반도체개발,반도체장비,기계공학 기술자 및 연구원
전기·전자,전자기기개발,반도체개발,반도체장비,전자공학 기술자 및 연구원
전기·전자,전자기기개발,반도체개발,반도체재료,전자공학 기술자 및 연구원
전기·전자,전자기기개발,디스플레이개발,디스플레이개발,전자공학 기술자 및 연구원
전기·전자,전자기기개발,디스플레이개발,디스플레이생산,생산·품질 사무원
전기·전자,전자기기개발,디스플레이개발,디스플레이생산,전자공학 기술자 및 연구원
전기·전자,전자기기개발,디스플레이개발,디스플레이생산,전자 부품·제품 생산기계 조작원
전기·전자,전자기기개발,디스플레이개발,디스플레이장비 부품개발,전자공학 기술자 및 연구원
전기·전자,전자기기개발,로봇개발,로봇하드웨어설계,로봇공학 기술자 및 연구원
전기·전자,전자기기개발,로봇개발,로봇하드웨어설계,전자공학 기술자 및 연구원
전기·전자,전자기기개발,로봇개발,로봇기구개발,로봇공학 기술자 및 연구원
전기·전자,전자기기개발,로봇개발,로봇소프트웨어개발,시스템 소프트웨어 개발자
전기·전자,전자기기개발,로봇개발,로봇소프트웨어개발,로봇공학 기술자 및 연구원
전기·전자,전자기기개발,로봇개발,로봇지능개발,시스템 소프트웨어 개발자
전기·전자,전자기기개발,로봇개발,로봇지능개발,로봇공학 기술자 및 연구원
전기·전자,전자기기개발,로봇개발,로봇지능개발,기계·로봇공학 시험원
전기·전자,전자기기개발,로봇개발,로봇유지보수,기계·로봇공학 시험원
전기·전자,전자기기개발,로봇개발,로봇유지보수,공업기계 설치·정비원
전기·전자,전자기기개발,로봇개발,로봇유지보수,자동조립라인·산업용로봇 조작원
전기·전자,전자기기개발,로봇개발,로봇안전인증,로봇공학 기술자 및 연구원
전기·전자,전자기기개발,로봇개발,로봇안전인증,기계·로봇공학 시험원
전기·전자,전자기기개발,로봇개발,로봇안전인증,산업 안전원 및 위험 관리원
전기·전자,전자기기개발,의료장비제조,의료기기품질관리,생산·품질 사무원
전기·전자,전자기기개발,의료장비제조,의료기기인·허가,생산·품질 사무원
전기·전자,전자기기개발,의료장비제조,의료기기생산,전자 부품·제품 생산기계 조작원
전기·전자,전자기기개발,의료장비제조,의료기기생산,전기·전자 부품·제품 조립원
전기·전자,전자기기개발,의료장비제조,의료기기연구개발,전자공학 기술자 및 연구원
전기·전자,전자기기개발,광기술개발,광부품개발,통신공학 기술자 및 연구원
전기·전자,전자기기개발,광기술개발,광부품개발,전자공학 기술자 및 연구원
전기·전자,전자기기개발,광기술개발,레이저개발,전자공학 기술자 및 연구원
전기·전자,전자기기개발,광기술개발,LED기술개발,기계공학 기술자 및 연구원
전기·전자,전자기기개발,광기술개발,LED기술개발,전기공학 기술자 및 연구원
전기·전자,전자기기개발,광기술개발,LED기술개발,전자공학 기술자 및 연구원
전기·전자,전자기기개발,광기술개발,광학시스템제조,전자공학 기술자 및 연구원
전기·전자,전자기기개발,광기술개발,광학소프트웨어응용,시스템 소프트웨어 개발자
전기·전자,전자기기개발,광기술개발,광학소프트웨어응용,응용 소프트웨어 개발자
전기·전자,전자기기개발,광기술개발,광센서기기개발,전자공학 기술자 및 연구원
전기·전자,전자기기개발,광기술개발,광의료기기개발,전기공학 기술자 및 연구원
전기·전자,전자기기개발,광기술개발,광의료기기개발,전자공학 기술자 및 연구원
전기·전자,전자기기개발,광기술개발,라이다(LiDAR) 기기개발,통신공학 기술자 및 연구원
전기·전자,전자기기개발,광기술개발,라이다(LiDAR) 기기개발,전자공학 기술자 및 연구원
전기·전자,전자기기개발,3D프린터개발,3D프린터개발,기계공학 기술자 및 연구원
전기·전자,전자기기개발,3D프린터개발,3D프린터개발,전자공학 기술자 및 연구원
전기·전자,전자기기개발,3D프린터개발,3D프린터용제품제작,금형원
전기·전자,전자기기개발,3D프린터개발,3D프린터용제품제작,금속 공작기계 조작원
전기·전자,전자기기개발,3D프린터개발,3D프린팅 소재개발,금속·재료공학 기술자 및 연구원
전기·전자,전자기기개발,3D프린터개발,3D프린팅 소재개발,전자공학 기술자 및 연구원
전기·전자,전자기기개발,가상훈련시스템 개발,가상훈련시스템설계· 검증,컴퓨터시스템 전문가
전기·전자,전자기기개발,가상훈련시스템 개발,가상훈련시스템설계· 검증,시스템 소프트웨어 개발자
전기·전자,전자기기개발,가상훈련시스템 개발,가상훈련시스템설계· 검증,응용 소프트웨어 개발자
전기·전자,전자기기개발,가상훈련시스템 개발,가상훈련 구동엔지니어링,응용 소프트웨어 개발자
전기·전자,전자기기개발,가상훈련시스템 개발,가상훈련 구동엔지니어링,기계공학 기술자 및 연구원
전기·전자,전자기기개발,가상훈련시스템 개발,가상훈련 구동엔지니어링,전자공학 기술자 및 연구원
전기·전자,전자기기개발,가상훈련시스템 개발,가상훈련콘텐츠개발,응용 소프트웨어 개발자
전기·전자,전자기기개발,가상훈련시스템 개발,가상훈련콘텐츠개발,웹 개발자
전기·전자,전자기기개발,가상훈련시스템 개발,가상훈련콘텐츠개발,작가
전기·전자,전자기기개발,가상훈련시스템 개발,실감형콘텐츠 하드웨어(디바이스)개발,컴퓨터 하드웨어 기술자 및 연구원
전기·전자,전자기기개발,가상훈련시스템 개발,실감형콘텐츠 하드웨어(디바이스)개발,기계공학 기술자 및 연구원
전기·전자,전자기기개발,가상훈련시스템 개발,실감형콘텐츠 하드웨어(디바이스)개발,전자공학 기술자 및 연구원
전기·전자,전자기기개발,착용형스마트 기기,착용형스마트 기기설계,상품 기획자
전기·전자,전자기기개발,착용형스마트 기기,착용형스마트 기기설계,시스템 소프트웨어 개발자
전기·전자,전자기기개발,착용형스마트 기기,착용형스마트 기기설계,응용 소프트웨어 개발자
전기·전자,전자기기개발,착용형스마트 기기,착용형스마트 기기설계,전자공학 기술자 및 연구원
전기·전자,전자기기개발,착용형스마트 기기,착용형스마트 기기서비스,기획·마케팅 사무원
전기·전자,전자기기개발,착용형스마트 기기,착용형스마트 기기개발,시스템 소프트웨어 개발자
전기·전자,전자기기개발,착용형스마트 기기,착용형스마트 기기개발,응용 소프트웨어 개발자
전기·전자,전자기기개발,착용형스마트 기기,착용형스마트 기기개발,전자공학 기술자 및 연구원
전기·전자,전자기기개발,착용형스마트 기기,착용형스마트 기기개발,제품 디자이너
전기·전자,전자기기개발,플렉시블 디스플레이개발,플렉시블디스플레이 모듈개발,전자공학 기술자 및 연구원
전기·전자,전자기기개발,플렉시블 디스플레이개발,플렉시블 디스플레이검사,생산·품질 사무원
전기·전자,전자기기개발,플렉시블 디스플레이개발,플렉시블 디스플레이검사,전기·전자 부품·제품 조립원
전기·전자,전자기기개발,플렉시블 디스플레이개발,플렉시블 디스플레이재료개발,금속·재료공학 기술자 및 연구원
전기·전자,전자기기개발,플렉시블 디스플레이개발,플렉시블 디스플레이재료개발,전자공학 기술자 및 연구원
전기·전자,전자기기개발,스마트팜개발,스마트팜기술개발,생명과학 연구원
전기·전자,전자기기개발,스마트팜개발,스마트팜기술개발,전자공학 기술자 및 연구원
전기·전자,전자기기개발,스마트팜개발,스마트팜계측,농림어업 시험원
전기·전자,전자기기개발,스마트팜개발,스마트팜계측,공업기계 설치·정비원
전기·전자,전자기기개발,OLED개발,OLED조명개발,전기공학 기술자 및 연구원
전기·전자,전자기기개발,OLED개발,OLED조명개발,전자공학 기술자 및 연구원
전기·전자,전자기기개발,커넥티드카개발,커넥티드카 소프트웨어기술개발,통신공학 기술자 및 연구원
전기·전자,전자기기개발,커넥티드카개발,커넥티드카 소프트웨어기술개발,시스템 소프트웨어 개발자
전기·전자,전자기기개발,커넥티드카개발,커넥티드카 소프트웨어기술개발,응용 소프트웨어 개발자
전기·전자,전자기기개발,커넥티드카개발,커넥티드카콘텐츠 서비스,컴퓨터시스템 전문가
전기·전자,전자기기개발,커넥티드카개발,커넥티드카콘텐츠 서비스,응용 소프트웨어 개발자
전기·전자,전자기기개발,커넥티드카개발,커넥티드카콘텐츠 서비스,정보시스템 운영자
전기·전자,전자기기개발,자율주행차개발,자율주행하드웨어 개발,통신공학 기술자 및 연구원
전기·전자,전자기기개발,자율주행차개발,자율주행하드웨어 개발,전자공학 기술자 및 연구원
전기·전자,전자기기개발,자율주행차개발,자율주행소프트웨어 개발,시스템 소프트웨어 개발자
전기·전자,전자기기개발,자율주행차개발,자율주행소프트웨어 개발,응용 소프트웨어 개발자
전기·전자,전자기기개발,원격시스템개발,혼합현실(MR) 기반협업시스템개발,컴퓨터시스템 전문가
전기·전자,전자기기개발,원격시스템개발,혼합현실(MR) 기반협업시스템개발,시스템 소프트웨어 개발자
전기·전자,전자기기개발,원격시스템개발,혼합현실(MR) 기반협업시스템개발,응용 소프트웨어 개발자
정보통신,정보기술,정보기술전략· 계획,정보기술전략,경영·진단 전문가
정보통신,정보기술,정보기술전략· 계획,정보기술전략,컴퓨터시스템 전문가
정보통신,정보기술,정보기술전략· 계획,정보기술컨설팅,컴퓨터시스템 전문가
정보통신,정보기술,정보기술전략· 계획,정보기술기획,컴퓨터시스템 전문가
정보통신,정보기술,정보기술전략· 계획,SW제품기획,상품 기획자
정보통신,정보기술,정보기술전략· 계획,SW제품기획,컴퓨터시스템 전문가
정보통신,정보기술,정보기술전략· 계획,SW제품기획,시스템 소프트웨어 개발자
정보통신,정보기술,정보기술전략· 계획,SW제품기획,응용 소프트웨어 개발자
정보통신,정보기술,정보기술전략· 계획,빅데이터분석,데이터 전문가
정보통신,정보기술,정보기술전략· 계획,IoT융합서비스기획,컴퓨터시스템 전문가
정보통신,정보기술,정보기술전략· 계획,빅데이터기획,데이터 전문가
정보통신,정보기술,정보기술전략· 계획,핀테크기술기획,컴퓨터시스템 전문가
정보통신,정보기술,정보기술전략· 계획,핀테크기술기획,정보보안 전문가
정보통신,정보기술,정보기술개발,SW아키텍처,컴퓨터시스템 전문가
정보통신,정보기술,정보기술개발,SW아키텍처,시스템 소프트웨어 개발자
정보통신,정보기술,정보기술개발,SW아키텍처,응용 소프트웨어 개발자
정보통신,정보기술,정보기술개발,응용SW엔지니어링,응용 소프트웨어 개발자
정보통신,정보기술,정보기술개발,응용SW엔지니어링,웹 개발자
정보통신,정보기술,정보기술개발,임베디드 SW엔지니어링,시스템 소프트웨어 개발자
정보통신,정보기술,정보기술개발,DB엔지니어링,데이터 전문가
정보통신,정보기술,정보기술개발,NW엔지니어링,네트워크 시스템 개발자
정보통신,정보기술,정보기술개발,보안엔지니어링,정보보안 전문가
정보통신,정보기술,정보기술개발,UI/UX엔지니어링,시스템 소프트웨어 개발자
정보통신,정보기술,정보기술개발,UI/UX엔지니어링,웹 개발자
정보통신,정보기술,정보기술개발,시스템 SW엔지니어링,시스템 소프트웨어 개발자
정보통신,정보기술,정보기술개발,빅데이터플랫폼구축,시스템 소프트웨어 개발자
정보통신,정보기술,정보기술개발,빅데이터플랫폼구축,응용 소프트웨어 개발자
정보통신,정보기술,정보기술개발,핀테크엔지니어링,시스템 소프트웨어 개발자
정보통신,정보기술,정보기술개발,핀테크엔지니어링,응용 소프트웨어 개발자
정보통신,정보기술,정보기술개발,데이터아키텍처,데이터 전문가
정보통신,정보기술,정보기술개발,IoT시스템연동,통신공학 기술자 및 연구원
정보통신,정보기술,정보기술개발,IoT시스템연동,시스템 소프트웨어 개발자
정보통신,정보기술,정보기술개발,IoT시스템연동,네트워크 시스템 개발자
정보통신,정보기술,정보기술개발,인프라스 트럭쳐아키텍처구축,컴퓨터시스템 전문가
정보통신,정보기술,정보기술개발,인프라스 트럭쳐아키텍처구축,시스템 소프트웨어 개발자
정보통신,정보기술,정보기술개발,인프라스 트럭쳐아키텍처구축,네트워크 시스템 개발자
정보통신,정보기술,정보기술개발,클라우드 솔루션아키텍처,컴퓨터시스템 전문가
정보통신,정보기술,정보기술개발,클라우드 솔루션아키텍처,시스템 소프트웨어 개발자
정보통신,정보기술,정보기술개발,클라우드인프라스 트럭쳐엔지니어링,컴퓨터시스템 전문가
정보통신,정보기술,정보기술개발,클라우드인프라스 트럭쳐엔지니어링,네트워크 시스템 개발자
정보통신,정보기술,정보기술개발,PaaS엔지니어링,시스템 소프트웨어 개발자
정보통신,정보기술,정보기술개발,PaaS엔지니어링,웹 개발자
정보통신,정보기술,정보기술개발,PaaS엔지니어링,네트워크 시스템 개발자
정보통신,정보기술,정보기술운영,IT시스템관리,정보시스템 운영자
정보통신,정보기술,정보기술운영,IT기술교육,인사·교육·훈련 사무원
정보통신,정보기술,정보기술운영,IT기술지원,정보시스템 운영자
정보통신,정보기술,정보기술운영,빅데이터운영·관리,데이터 전문가
정보통신,정보기술,정보기술운영,빅데이터운영·관리,정보시스템 운영자
정보통신,정보기술,정보기술운영,IoT시스템운영·관리,정보시스템 운영자
정보통신,정보기술,정보기술관리,IT프로젝트관리,컴퓨터시스템 전문가
정보통신,정보기술,정보기술관리,IT품질보증,컴퓨터시스템 전문가
정보통신,정보기술,정보기술관리,IT테스트,컴퓨터시스템 전문가
정보통신,정보기술,정보기술관리,IT감리,컴퓨터시스템 전문가
정보통신,정보기술,정보기술영업,IT기술영업,기술 영업원
정보통신,정보기술,정보기술영업,IT마케팅,광고·홍보 전문가
정보통신,정보기술,정보기술영업,IT마케팅,기획·마케팅 사무원
정보통신,정보기술,정보보호,정보보호관리·운영,정보보안 전문가
정보통신,정보기술,정보보호,정보보호진단·분석,정보보안 전문가
정보통신,정보기술,정보보호,보안사고분석대응,정보보안 전문가
정보통신,정보기술,정보보호,정보보호암호·인증,정보보안 전문가
정보통신,정보기술,정보보호,영상정보처리,응용 소프트웨어 개발자
정보통신,정보기술,정보보호,생체인식(바이오인식),컴퓨터시스템 전문가
정보통신,정보기술,정보보호,생체인식(바이오인식),정보보안 전문가
정보통신,정보기술,정보보호,개인정보보호,정보보안 전문가
정보통신,정보기술,정보보호,디지털포렌식,기타 데이터 및 네트워크 전문가
정보통신,정보기술,정보보호,영상정보보안·운영,정보보안 전문가
정보통신,정보기술,정보보호,개인정보가명익명처리,정보보안 전문가
정보통신,정보기술,인공지능,인공지능플랫폼구축,컴퓨터시스템 전문가
정보통신,정보기술,인공지능,인공지능플랫폼구축,시스템 소프트웨어 개발자
정보통신,정보기술,인공지능,인공지능플랫폼구축,데이터 전문가
정보통신,정보기술,인공지능,인공지능서비스기획,컴퓨터시스템 전문가
정보통신,정보기술,인공지능,인공지능모델링,응용 소프트웨어 개발자
정보통신,정보기술,인공지능,인공지능모델링,데이터 전문가
정보통신,정보기술,인공지능,인공지능모델링,로봇공학 기술자 및 연구원
정보통신,정보기술,인공지능,인공지능서비스 운영관리,정보시스템 운영자
정보통신,정보기술,인공지능,인공지능서비스구현,응용 소프트웨어 개발자
정보통신,정보기술,인공지능,인공지능서비스구현,데이터 전문가
정보통신,정보기술,인공지능,인공지능학습데이터 구축,응용 소프트웨어 개발자
정보통신,정보기술,인공지능,인공지능학습데이터 구축,데이터 전문가
정보통신,정보기술,블록체인,블록체인분석·설계,컴퓨터시스템 전문가
정보통신,정보기술,블록체인,블록체인분석·설계,데이터 전문가
정보통신,정보기술,블록체인,블록체인분석·설계,정보보안 전문가
정보통신,정보기술,블록체인,블록체인구축·운영,컴퓨터시스템 전문가
정보통신,정보기술,블록체인,블록체인구축·운영,응용 소프트웨어 개발자
정보통신,정보기술,블록체인,블록체인구축·운영,정보보안 전문가
정보통신,정보기술,블록체인,블록체인서비스기획,컴퓨터시스템 전문가
정보통신,정보기술,블록체인,블록체인서비스기획,정보보안 전문가
정보통신,정보기술,스마트물류,스마트물류체계기획,컴퓨터시스템 전문가
정보통신,정보기술,스마트물류,스마트물류플랫폼구축,시스템 소프트웨어 개발자
정보통신,정보기술,스마트물류,스마트물류플랫폼구축,응용 소프트웨어 개발자
정보통신,정보기술,스마트물류,스마트물류통합관리,자재·구매·물류 사무원
정보통신,정보기술,스마트물류,스마트물류통합관리,정보시스템 운영자
정보통신,정보기술,디지털트윈,디지털트윈기획,컴퓨터시스템 전문가
정보통신,정보기술,디지털트윈,디지털트윈설계,컴퓨터시스템 전문가
정보통신,정보기술,디지털트윈,디지털트윈설계,시스템 소프트웨어 개발자
정보통신,정보기술,디지털트윈,디지털트윈구축,컴퓨터시스템 전문가
정보통신,정보기술,디지털트윈,디지털트윈구축,응용 소프트웨어 개발자
정보통신,정보기술,디지털트윈,디지털트윈구축,웹 개발자
정보통신,통신기술,유선통신구축,교환시스템구축,통신공학 기술자 및 연구원
정보통신,통신기술,유선통신구축,구내통신구축,통신공학 기술자 및 연구원
정보통신,통신기술,유선통신구축,구내통신구축,방송·통신·인터넷 케이블 설치·수리원
정보통신,통신기술,유선통신구축,네트워크구축,통신공학 기술자 및 연구원
정보통신,통신기술,유선통신구축,네트워크구축,네트워크 시스템 개발자
정보통신,통신기술,유선통신구축,구내통신설비공사,통신·방송송출 장비 기사
정보통신,통신기술,유선통신구축,실감형플랫폼구축,시스템 소프트웨어 개발자
정보통신,통신기술,유선통신구축,실감형플랫폼구축,응용 소프트웨어 개발자
정보통신,통신기술,유선통신구축,철도정보통신설비공사,통신장비 설치·수리원
정보통신,통신기술,유선통신구축,도로·교통정보통신 설비공사,통신장비 설치·수리원
정보통신,통신기술,유선통신구축,항해·항만정보통신 설비공사,통신장비 설치·수리원
정보통신,통신기술,유선통신구축,항공·항행정보통신 시설공사,통신장비 설치·수리원
정보통신,통신기술,유선통신구축,클라우드플랫폼구축,컴퓨터시스템 전문가
정보통신,통신기술,유선통신구축,클라우드플랫폼구축,시스템 소프트웨어 개발자
정보통신,통신기술,유선통신구축,클라우드플랫폼구축,네트워크 시스템 개발자
정보통신,통신기술,유선통신구축,클라우드플랫폼구축,정보보안 전문가
정보통신,통신기술,무선통신구축,무선통신시스템구축,통신공학 기술자 및 연구원
정보통신,통신기술,무선통신구축,무선통신시스템구축,방송·통신·인터넷 케이블 설치·수리원
정보통신,통신기술,무선통신구축,전송시스템구축,통신공학 기술자 및 연구원
정보통신,통신기술,무선통신구축,무선통신망구축,통신공학 기술자 및 연구원
정보통신,통신기술,무선통신구축,위성통신망구축,통신공학 기술자 및 연구원
정보통신,통신기술,무선통신구축,IoT통신망구축,통신공학 기술자 및 연구원
정보통신,통신기술,무선통신구축,IoT통신망구축,통신·방송송출 장비 기사
정보통신,통신기술,무선통신구축,공공안전통신망구축,통신공학 기술자 및 연구원
정보통신,통신기술,통신서비스,유선설비접속서비스,통신·방송송출 장비 기사
정보통신,통신기술,통신서비스,유선설비접속서비스,통신 기기·서비스 판매원
정보통신,통신기술,통신서비스,전용회선서비스,통신·방송송출 장비 기사
정보통신,통신기술,통신서비스,전용회선서비스,통신 기기·서비스 판매원
정보통신,통신기술,통신서비스,초고속망서비스,통신·방송송출 장비 기사
정보통신,통신기술,통신서비스,초고속망서비스,통신 기기·서비스 판매원
정보통신,통신기술,통신서비스,부가네트워크서비스,통신·방송송출 장비 기사
정보통신,통신기술,통신서비스,부가네트워크서비스,통신 기기·서비스 판매원
정보통신,통신기술,통신서비스,전보서비스,통신·방송송출 장비 기사
정보통신,통신기술,통신서비스,전보서비스,통신 기기·서비스 판매원
정보통신,통신기술,통신서비스,이동통신서비스,통신·방송송출 장비 기사
정보통신,통신기술,통신서비스,이동통신서비스,통신 기기·서비스 판매원
정보통신,통신기술,통신서비스,콘텐츠사용자서비스,통신·방송송출 장비 기사
정보통신,통신기술,통신서비스,콘텐츠사용자서비스,통신 기기·서비스 판매원
정보통신,통신기술,통신서비스,콘텐츠네트워크서비스,통신·방송송출 장비 기사
정보통신,통신기술,통신서비스,콘텐츠네트워크서비스,통신 기기·서비스 판매원
정보통신,통신기술,통신서비스,무선초고속 인터넷서비스,통신·방송송출 장비 기사
정보통신,통신기술,통신서비스,무선초고속 인터넷서비스,통신 기기·서비스 판매원
정보통신,통신기술,통신서비스,주파수공용통신,통신·방송송출 장비 기사
정보통신,통신기술,통신서비스,주파수공용통신,통신 기기·서비스 판매원
정보통신,통신기술,통신서비스,무선호출메시징서비스,통신·방송송출 장비 기사
정보통신,통신기술,통신서비스,무선호출메시징서비스,통신 기기·서비스 판매원
정보통신,통신기술,통신서비스,위성통신서비스,통신·방송송출 장비 기사
정보통신,통신기술,통신서비스,위성통신서비스,통신 기기·서비스 판매원
정보통신,통신기술,통신서비스,특수이동통신서비스,통신·방송송출 장비 기사
정보통신,통신기술,통신서비스,특수이동통신서비스,통신 기기·서비스 판매원
정보통신,통신기술,통신서비스,인터넷지원서비스,통신·방송송출 장비 기사
정보통신,통신기술,통신서비스,인터넷지원서비스,통신 기기·서비스 판매원
정보통신,통신기술,통신서비스,부가통신응용 중계서비스,통신·방송송출 장비 기사
정보통신,통신기술,통신서비스,부가통신응용 중계서비스,통신 기기·서비스 판매원
정보통신,통신기술,통신서비스,특수부가통신서비스,통신·방송송출 장비 기사
정보통신,통신기술,통신서비스,특수부가통신서비스,통신 기기·서비스 판매원
정보통신,통신기술,통신서비스,무선데이터통신서비스,통신·방송송출 장비 기사
정보통신,통신기술,통신서비스,무선데이터통신서비스,통신 기기·서비스 판매원
정보통신,통신기술,통신서비스,디지털비지니스 지원서비스,웹 개발자
정보통신,통신기술,통신서비스,디지털비지니스 지원서비스,통신 기기·서비스 판매원
정보통신,통신기술,통신서비스,실감형통신서비스,통신·방송송출 장비 기사
정보통신,통신기술,통신서비스,실감형통신서비스,통신 기기·서비스 판매원
정보통신,통신기술,실감형콘텐츠제작,가상현실콘텐츠제작,응용 소프트웨어 개발자
정보통신,통신기술,실감형콘텐츠제작,가상현실콘텐츠제작,웹 개발자
정보통신,통신기술,실감형콘텐츠제작,가상현실콘텐츠제작,미디어 콘텐츠 디자이너
정보통신,통신기술,실감형콘텐츠제작,실감콘텐츠촬영,촬영 기사
정보통신,통신기술,실감형콘텐츠제작,증강현실(AR) 콘텐츠제작,응용 소프트웨어 개발자
정보통신,통신기술,실감형콘텐츠제작,증강현실(AR) 콘텐츠제작,미디어 콘텐츠 디자이너
정보통신,방송기술,방송제작기술,중계방송,통신·방송송출 장비 기사
정보통신,방송기술,방송제작기술,방송품질관리,통신공학 기술자 및 연구원
정보통신,방송기술,방송플랫폼기술,라디오방송,통신·방송송출 장비 기사
정보통신,방송기술,방송플랫폼기술,지상파TV방송,통신·방송송출 장비 기사
정보통신,방송기술,방송플랫폼기술,지상파DMB,통신·방송송출 장비 기사
정보통신,방송기술,방송플랫폼기술,케이블방송,통신·방송송출 장비 기사
정보통신,방송기술,방송플랫폼기술,인터넷멀티미디어방송,통신·방송송출 장비 기사
정보통신,방송기술,방송서비스,유무선통합서비스,통신공학 기술자 및 연구원
정보통신,방송기술,방송서비스,유무선통합서비스,통신·방송송출 장비 기사
정보통신,방송기술,방송서비스,방송시스템운영,통신·방송송출 장비 기사
정보통신,방송기술,방송서비스,정보시스템운영,정보시스템 운영자
정보통신,방송기술,방송서비스,방송기술지원서비스,통신·방송송출 장비 기사
정보통신,방송기술,방송서비스,방송장비설치유지보수,방송장비 설치·수리원
정보통신,방송기술,방송서비스,소셜미디어방송서비스,미디어 콘텐츠 디자이너
정보통신,방송기술,방송서비스,소셜미디어방송서비스,감독 및 기술감독
정보통신,방송기술,방송서비스,소셜미디어방송서비스,영상·녹화·편집 기사
식품가공,식품가공,식품가공,수산식품가공,육류·어패류·낙농품 가공기계 조작원
식품가공,식품가공,식품가공,두류식품가공,곡물 가공제품 기계 조작원
식품가공,식품가공,식품가공,축산식품가공,정육원 및 도축원
식품가공,식품가공,식품가공,축산식품가공,육류·어패류·낙농품 가공기계 조작원
식품가공,식품가공,식품가공,유제품가공,육류·어패류·낙농품 가공기계 조작원
식품가공,식품가공,식품가공,건강기능식품제조가공,기타 식품 가공 기계 조작원
식품가공,식품가공,식품가공,김치·반찬가공,김치·밑반찬 제조 종사원
식품가공,식품가공,식품가공,면류식품가공,곡물 가공제품 기계 조작원
식품가공,식품가공,식품가공,곡류·서류·견과류가공,곡물 가공제품 기계 조작원
식품가공,식품가공,식품가공,음료주류가공,음료 제조기계 조작원
식품가공,식품가공,식품가공,식품가공연구개발,식품공학 기술자 및 연구원
식품가공,식품가공,식품가공,식품품질관리,생산·품질 사무원
식품가공,식품가공,식품가공,식품품질관리,식품공학 기술자 및 연구원
식품가공,식품가공,식품가공,식품품질관리,식품공학 시험원
식품가공,식품가공,식품저장,수산식품저장,자재·구매·물류 사무원
식품가공,식품가공,식품저장,수산식품저장,식품·담배 등급원
식품가공,식품가공,식품저장,농산식품저장,자재·구매·물류 사무원
식품가공,식품가공,식품저장,농산식품저장,식품·담배 등급원
식품가공,식품가공,식품저장,축산식품저장,자재·구매·물류 사무원
식품가공,식품가공,식품저장,축산식품저장,정육원 및 도축원
식품가공,식품가공,식품저장,축산식품저장,식품·담배 등급원
식품가공,식품가공,식품유통,수산식품유통,자재·구매·물류 사무원
식품가공,식품가공,식품유통,농산식품유통,자재·구매·물류 사무원
식품가공,식품가공,식품유통,축산식품유통,자재·구매·물류 사무원
식품가공,제과·제빵·떡제조,제과·제빵·떡제조,제과,제과·제빵원
식품가공,제과·제빵·떡제조,제과·제빵·떡제조,제빵,제과·제빵원
식품가공,제과·제빵·떡제조,제과·제빵·떡제조,떡제조,떡 제조원
식품가공,제과·제빵·떡제조,제과·제빵·떡제조,한과제조,떡 제조원
인쇄·목재· 가구·공예,인쇄·출판,출판,출판기획,출판물 전문가
인쇄·목재· 가구·공예,인쇄·출판,출판,편집디자인,시각 디자이너
인쇄·목재· 가구·공예,인쇄·출판,출판,편집,출판물 전문가
인쇄·목재· 가구·공예,인쇄·출판,출판,출판물제작· 공정관리,제품·광고 영업원
인쇄·목재· 가구·공예,인쇄·출판,인쇄,프리프레스,인쇄기계 조작원
인쇄·목재· 가구·공예,인쇄·출판,인쇄,평판인쇄,인쇄기계 조작원
인쇄·목재· 가구·공예,인쇄·출판,인쇄,특수인쇄,인쇄기계 조작원
인쇄·목재· 가구·공예,인쇄·출판,인쇄,인쇄후가공,인쇄기계 조작원
인쇄·목재· 가구·공예,인쇄·출판,인쇄,간판디자인·제작· 설치,시각 디자이너
인쇄·목재· 가구·공예,인쇄·출판,인쇄,간판디자인·제작· 설치,간판 제작·설치원
인쇄·목재· 가구·공예,공예,공예,칠공예,공예원
인쇄·목재· 가구·공예,공예,공예,도자공예,공예원
인쇄·목재· 가구·공예,공예,공예,석공예,공예원
인쇄·목재· 가구·공예,공예,공예,목공예,목제품 제조원
인쇄·목재· 가구·공예,공예,공예,목공예,공예원
인쇄·목재· 가구·공예,공예,공예,금속공예,공예원
인쇄·목재· 가구·공예,공예,공예,가구제작,가구 제조·수리원
인쇄·목재· 가구·공예,공예,공예,가구제작,가구 조립원
인쇄·목재· 가구·공예,공예,공예,가구제작,목제품 제조원
인쇄·목재· 가구·공예,공예,공예,섬유공예,공예원
인쇄·목재· 가구·공예,공예,공예,나전칠기,공예원
인쇄·목재· 가구·공예,공예,귀금속·보석,귀금속가공,귀금속·보석 세공원
인쇄·목재· 가구·공예,공예,귀금속·보석,귀금속품위감정,감정 전문가
인쇄·목재· 가구·공예,공예,귀금속·보석,보석가공,귀금속·보석 세공원
인쇄·목재· 가구·공예,공예,귀금속·보석,보석감정,감정 전문가
인쇄·목재· 가구·공예,공예,귀금속·보석,보석디자인,제품 디자이너
인쇄·목재· 가구·공예,공예,귀금속·보석,주얼리마케팅,상품 기획자
인쇄·목재· 가구·공예,공예,귀금속·보석,주얼리마케팅,기획·마케팅 사무원
환경·에너지·안전,산업환경,수질관리,수질오염분석,환경공학 기술자 및 연구원
환경·에너지·안전,산업환경,수질관리,수질오염분석,환경공학 시험원
환경·에너지·안전,산업환경,수질관리,수질공정관리,상·하수도 처리장치 조작원
환경·에너지·안전,산업환경,수질관리,수질환경관리,환경공학 기술자 및 연구원
환경·에너지·안전,산업환경,수질관리,정수시설운영관리,상·하수도 처리장치 조작원
환경·에너지·안전,산업환경,수질관리,상수관로시설 운영관리,환경공학 기술자 및 연구원
환경·에너지·안전,산업환경,수질관리,상수관로시설 운영관리,상·하수도 처리장치 조작원
환경·에너지·안전,산업환경,수질관리,하수관로시설 운영관리,환경공학 기술자 및 연구원
환경·에너지·안전,산업환경,수질관리,하수관로시설 운영관리,상·하수도 처리장치 조작원
환경·에너지·안전,산업환경,대기관리,대기환경관리,환경공학 기술자 및 연구원
환경·에너지·안전,산업환경,대기관리,온실가스관리,자연과학 연구원
환경·에너지·안전,산업환경,대기관리,온실가스관리,환경공학 기술자 및 연구원
환경·에너지·안전,산업환경,대기관리,기상기술관리,자연과학 연구원
환경·에너지·안전,산업환경,대기관리,기후변화적응,자연과학 연구원
환경·에너지·안전,산업환경,대기관리,기후변화적응,환경공학 기술자 및 연구원
환경·에너지·안전,산업환경,폐기물관리,폐기물처리시설 설계·시공,기계공학 기술자 및 연구원
환경·에너지·안전,산업환경,폐기물관리,폐기물처리시설 설계·시공,환경공학 기술자 및 연구원
환경·에너지·안전,산업환경,폐기물관리,폐기물처리시설 설계·시공,공업기계 설치·정비원
환경·에너지·안전,산업환경,폐기물관리,폐기물관리,환경공학 기술자 및 연구원
환경·에너지·안전,산업환경,폐기물관리,폐기물관리,환경공학 시험원
환경·에너지·안전,산업환경,소음진동관리,소음진동방지,환경공학 기술자 및 연구원
환경·에너지·안전,산업환경,소음진동관리,소음진동방지,환경공학 시험원
환경·에너지·안전,산업환경,소음진동관리,소음진동측정·분석평가,환경공학 기술자 및 연구원
환경·에너지·안전,산업환경,소음진동관리,소음진동측정·분석평가,환경공학 시험원
환경·에너지·안전,산업환경,토양·지하수관리,지하수관리,환경공학 기술자 및 연구원
환경·에너지·안전,산업환경,토양·지하수관리,지하수관리,환경공학 시험원
환경·에너지·안전,산업환경,토양·지하수관리,토양관리,환경공학 기술자 및 연구원
환경·에너지·안전,산업환경,토양·지하수관리,토양관리,환경공학 시험원
환경·에너지·안전,환경보건,환경보건관리,산업환경보건,보건위생·환경 검사원
환경·에너지·안전,환경보건,환경보건관리,실내공기질관리,환경공학 시험원
환경·에너지·안전,환경보건,환경보건관리,실내공기질관리,보건위생·환경 검사원
환경·에너지·안전,환경보건,환경보건관리,위해성관리,보건위생·환경 검사원
환경·에너지·안전,자연환경,생태복원·관리,생태복원,생명과학 연구원
환경·에너지·안전,자연환경,생태복원·관리,생태복원,조경 기술자
환경·에너지·안전,자연환경,생태복원·관리,생태복원,환경공학 기술자 및 연구원
환경·에너지·안전,자연환경,생태복원·관리,생태관리,생명과학 연구원
환경·에너지·안전,자연환경,생태복원·관리,생태관리,조경 기술자
환경·에너지·안전,자연환경,생태복원·관리,생태관리,환경공학 기술자 및 연구원
환경·에너지·안전,환경서비스,환경경영,환경컨설팅,환경공학 기술자 및 연구원
환경·에너지·안전,환경서비스,환경경영,환경시설운영,환경공학 기술자 및 연구원
환경·에너지·안전,환경서비스,환경경영,환경시설운영,상·하수도 처리장치 조작원
환경·에너지·안전,환경서비스,환경경영,환경시설운영,재활용 처리장치·소각로 조작원
환경·에너지·안전,환경서비스,환경경영,환경관리,환경공학 기술자 및 연구원
환경·에너지·안전,환경서비스,환경경영,환경관리,환경공학 시험원
환경·에너지·안전,환경서비스,환경경영,환경관리,보건위생·환경 검사원
환경·에너지·안전,환경서비스,환경평가,환경영향평가,환경공학 기술자 및 연구원
환경·에너지·안전,환경서비스,환경평가,환경영향평가,환경공학 시험원
환경·에너지·안전,환경서비스,환경평가,환경조사분석,환경공학 기술자 및 연구원
환경·에너지·안전,환경서비스,환경평가,환경조사분석,환경공학 시험원
환경·에너지·안전,환경서비스,환경평가,환경조사분석,보건위생·환경 검사원
환경·에너지·안전,에너지·자원,광산조사·탐사,광산지질조사,자연과학 연구원
환경·에너지·안전,에너지·자원,광산조사·탐사,광산지질조사,가스·에너지공학 기술자 및 연구원
환경·에너지·안전,에너지·자원,광산조사·탐사,지구물리·화학탐사,자연과학 연구원
환경·에너지·안전,에너지·자원,광산조사·탐사,지구물리·화학탐사,가스·에너지공학 기술자 및 연구원
환경·에너지·안전,에너지·자원,광산조사·탐사,석유시추,가스·에너지공학 기술자 및 연구원
환경·에너지·안전,에너지·자원,광산조사·탐사,광물시추,가스·에너지공학 기술자 및 연구원
환경·에너지·안전,에너지·자원,광산조사·탐사,광물시추,건설·채굴 기계 운전원
환경·에너지·안전,에너지·자원,광물·석유자원 개발·생산,광물자원개발·생산,가스·에너지공학 기술자 및 연구원
환경·에너지·안전,에너지·자원,광물·석유자원 개발·생산,석유자원개발·생산,화학공학 기술자 및 연구원
환경·에너지·안전,에너지·자원,광물·석유자원 개발·생산,석유자원개발·생산,가스·에너지공학 기술자 및 연구원
환경·에너지·안전,에너지·자원,광물·석유자원 개발·생산,자원처리,금속가공 제어장치 조작원
환경·에너지·안전,에너지·자원,광산환경관리,광해조사,토목공학 기술자
환경·에너지·안전,에너지·자원,광산환경관리,광해조사,환경공학 기술자 및 연구원
환경·에너지·안전,에너지·자원,광산환경관리,광해복원,토목공학 기술자
환경·에너지·안전,에너지·자원,광산환경관리,광해복원,환경공학 기술자 및 연구원
환경·에너지·안전,에너지·자원,광산보안,광산보안관리,토목공학 기술자
환경·에너지·안전,에너지·자원,광산보안,광산보안관리,산업 안전원 및 위험 관리원
환경·에너지·안전,에너지·자원,광산보안,화약류관리,기타 채굴·토목 종사원
환경·에너지·안전,에너지·자원,재생에너지,태양광에너지생산,토목공학 기술자
환경·에너지·안전,에너지·자원,재생에너지,태양광에너지생산,전기공학 기술자 및 연구원
환경·에너지·안전,에너지·자원,재생에너지,태양광에너지생산,가스·에너지공학 기술자 및 연구원
환경·에너지·안전,에너지·자원,재생에너지,태양열에너지생산,전기공학 기술자 및 연구원
환경·에너지·안전,에너지·자원,재생에너지,태양열에너지생산,가스·에너지공학 기술자 및 연구원
환경·에너지·안전,에너지·자원,재생에너지,바이오에너지생산,기계공학 기술자 및 연구원
환경·에너지·안전,에너지·자원,재생에너지,바이오에너지생산,전기공학 기술자 및 연구원
환경·에너지·안전,에너지·자원,재생에너지,바이오에너지생산,가스·에너지공학 기술자 및 연구원
환경·에너지·안전,에너지·자원,재생에너지,해양에너지생산,토목공학 기술자
환경·에너지·안전,에너지·자원,재생에너지,해양에너지생산,전기공학 기술자 및 연구원
환경·에너지·안전,에너지·자원,재생에너지,해양에너지생산,가스·에너지공학 기술자 및 연구원
환경·에너지·안전,에너지·자원,재생에너지,풍력에너지생산,토목공학 기술자
환경·에너지·안전,에너지·자원,재생에너지,풍력에너지생산,전기공학 기술자 및 연구원
환경·에너지·안전,에너지·자원,재생에너지,풍력에너지생산,가스·에너지공학 기술자 및 연구원
환경·에너지·안전,에너지·자원,재생에너지,폐자원에너지생산,기계공학 기술자 및 연구원
환경·에너지·안전,에너지·자원,재생에너지,폐자원에너지생산,전기공학 기술자 및 연구원
환경·에너지·안전,에너지·자원,재생에너지,폐자원에너지생산,가스·에너지공학 기술자 및 연구원
환경·에너지·안전,에너지·자원,재생에너지,지열에너지생산·활용,기계공학 기술자 및 연구원
환경·에너지·안전,에너지·자원,재생에너지,지열에너지생산·활용,전기공학 기술자 및 연구원
환경·에너지·안전,에너지·자원,재생에너지,지열에너지생산·활용,가스·에너지공학 기술자 및 연구원
환경·에너지·안전,에너지·자원,에너지관리,에너지절약서비스,가스·에너지공학 기술자 및 연구원
환경·에너지·안전,에너지·자원,에너지관리,건물에너지관리 시스템운영관리,가스·에너지공학 시험원
환경·에너지·안전,에너지·자원,에너지관리,건물에너지관리 시스템운영관리,전기·전자 설비 조작원
환경·에너지·안전,에너지·자원,신에너지,연료전지에너지생산,전기공학 기술자 및 연구원
환경·에너지·안전,에너지·자원,신에너지,연료전지에너지생산,발전·배전 장치 조작원
환경·에너지·안전,에너지·자원,신에너지,수소연료전지제조,전기공학 기술자 및 연구원
환경·에너지·안전,에너지·자원,신에너지,수소연료전지제조,화학공학 기술자 및 연구원
환경·에너지·안전,에너지·자원,신에너지,수소연료전지제조,가스·에너지공학 기술자 및 연구원
환경·에너지·안전,에너지·자원,신에너지,수소공급,화학물 가공장치 조작원
환경·에너지·안전,산업안전,산업안전관리,산업안전관리공통직무,산업 안전원 및 위험 관리원
환경·에너지·안전,산업안전,산업안전관리,기계안전관리,산업 안전원 및 위험 관리원
환경·에너지·안전,산업안전,산업안전관리,전기안전관리,산업 안전원 및 위험 관리원
환경·에너지·안전,산업안전,산업안전관리,건설안전관리,산업 안전원 및 위험 관리원
환경·에너지·안전,산업안전,산업안전관리,화공안전관리,산업 안전원 및 위험 관리원
환경·에너지·안전,산업안전,산업안전관리,가스안전관리,산업 안전원 및 위험 관리원
환경·에너지·안전,산업안전,산업안전관리,방사선측정평가,산업 안전원 및 위험 관리원
환경·에너지·안전,산업안전,산업안전관리,원자력발전소 해체방사성폐기물관리,산업 안전원 및 위험 관리원
환경·에너지·안전,산업안전,산업보건관리,산업보건관리,보건위생·환경 검사원
환경·에너지·안전,산업안전,산업보건관리,근로자작업환경관리,보건위생·환경 검사원
환경·에너지·안전,산업안전,비파괴검사,비파괴검사,비파괴 검사원
환경·에너지·안전,산업안전,비파괴검사,방사선비파괴검사,비파괴 검사원
환경·에너지·안전,산업안전,비파괴검사,초음파비파괴검사,비파괴 검사원
환경·에너지·안전,산업안전,비파괴검사,자기비파괴검사,비파괴 검사원
환경·에너지·안전,산업안전,비파괴검사,침투비파괴검사,비파괴 검사원
환경·에너지·안전,산업안전,비파괴검사,와전류비파괴검사,비파괴 검사원
환경·에너지·안전,산업안전,비파괴검사,누설비파괴검사,비파괴 검사원
환경·에너지·안전,산업안전,비파괴검사,특수비파괴검사,비파괴 검사원
농림어업,농업,작물재배,수도작재배,곡식작물 재배원
농림어업,농업,작물재배,전작재배,곡식작물 재배원
농림어업,농업,작물재배,전작재배,채소·특용 작물 재배원
농림어업,농업,작물재배,채소재배,채소·특용 작물 재배원
농림어업,농업,작물재배,과수재배,과수작물 재배원
농림어업,농업,작물재배,화훼재배,원예작물 재배원
농림어업,농업,작물재배,버섯재배,채소·특용 작물 재배원
농림어업,농업,작물재배,특용작물재배,채소·특용 작물 재배원
농림어업,농업,작물재배,시설원예,원예작물 재배원
농림어업,농업,작물재배,유기재배,곡식작물 재배원
농림어업,농업,작물재배,유기재배,채소·특용 작물 재배원
농림어업,농업,작물재배,유기재배,과수작물 재배원
농림어업,농업,작물재배,유기재배,원예작물 재배원
농림어업,농업,종자생산·유통,종자계획,생명과학 연구원
농림어업,농업,종자생산·유통,종자계획,농림어업 시험원
농림어업,농업,종자생산·유통,육종,생명과학 연구원
농림어업,농업,종자생산·유통,육종,농림어업 시험원
농림어업,농업,종자생산·유통,종자생산,농림어업 시험원
농림어업,농업,종자생산·유통,종자생산,채소·특용 작물 재배원
농림어업,농업,종자생산·유통,종자생산,원예작물 재배원
농림어업,농업,종자생산·유통,종자유통보급,기획·마케팅 사무원
농림어업,농업,농촌개발,농촌체험상품개발,기획·마케팅 사무원
농림어업,농업,농촌개발,농촌체험상품개발,여행상품 개발자
농림어업,농업,농촌개발,농촌체험시설운영,총무 사무원 및 대학 행정조교
농림어업,농업,농촌개발,농업환경개선,생명과학 연구원
농림어업,농업,농촌개발,농업환경개선,농림어업 시험원
농림어업,농업,농촌개발,농산물품질관리,생산·품질 사무원
농림어업,농업,화훼장식,단위화훼장식,공예원
농림어업,농업,화훼장식,공간화훼장식,실내장식 디자이너
농림어업,농업,화훼장식,공간화훼장식,공예원
농림어업,축산,축산자원개발,사료생산,생산·품질 사무원
농림어업,축산,축산자원개발,종축,농림어업 시험원
농림어업,축산,축산자원개발,동물용의약품제조,생산·품질 사무원
농림어업,축산,축산자원개발,동물용의약품제조,화학공학 기술자 및 연구원
농림어업,축산,축산자원개발,수의서비스,수의사
농림어업,축산,축산자원개발,수의보조,기타 보건·의료 종사원
농림어업,축산,축산자원개발,수의보조,반려동물 미용 및 관리 종사원
농림어업,축산,축산자원개발,애완동물미용,반려동물 미용 및 관리 종사원
농림어업,축산,축산자원개발,말이용,"스포츠강사, 레크리에이션 강사 및 기타 관련 전문가"
농림어업,축산,축산자원개발,반려동물행동교정,반려동물 미용 및 관리 종사원
농림어업,축산,사육관리,젖소사육,낙농 종사원
농림어업,축산,사육관리,돼지사육,가축 사육 종사원
농림어업,축산,사육관리,가금사육,가축 사육 종사원
농림어업,축산,사육관리,한우사육,가축 사육 종사원
농림어업,축산,사육관리,말사육,가축 사육 종사원
농림어업,축산,사육관리,곤충사육,기타 사육 종사원
농림어업,임업,산림자원조성,임업종묘,농림어업 시험원
농림어업,임업,산림자원조성,임업종묘,조림·산림경영인 및 벌목원
농림어업,임업,산림자원조성,산림조성,농림어업 시험원
농림어업,임업,산림자원조성,산림조성,조림·산림경영인 및 벌목원
농림어업,임업,산림관리,산림개발,농림어업 시험원
농림어업,임업,산림관리,산림개발,토목공학 기술자
농림어업,임업,산림관리,산림보호,농림어업 시험원
농림어업,임업,임산물생산·가공,임산물생산,임산물 채취 및 기타 임업 종사원
농림어업,임업,임산물생산·가공,목재가공,목재 가공기계 조작원
농림어업,임업,임산물생산·가공,펄프·종이제조,펄프·종이 제조장치 조작원
농림어업,수산,어업,원양어업,선박승무원 및 관련 종사원 (선박객실 승무원 제외)
농림어업,수산,어업,근해어업,선박승무원 및 관련 종사원 (선박객실 승무원 제외)
농림어업,수산,어업,연안어업,어부 및 해녀
농림어업,수산,어업,내수면어업,어부 및 해녀
농림어업,수산,양식,해면양식,농림어업 시험원
농림어업,수산,양식,해면양식,양식원
농림어업,수산,양식,수산종묘생산,농림어업 시험원
농림어업,수산,양식,수산종묘생산,양식원
농림어업,수산,양식,내수면양식,농림어업 시험원
농림어업,수산,양식,내수면양식,양식원
농림어업,수산,양식,스마트양식,생명과학 연구원
농림어업,수산,양식,스마트양식,전자공학 기술자 및 연구원
농림어업,수산,양식,스마트양식,양식원
농림어업,수산,수산자원관리,수산자원조성,농림어업 시험원
농림어업,수산,수산자원관리,수산질병관리,농림어업 시험원
농림어업,수산,수산자원관리,염생산,농림어업 단순 종사원
농림어업,수산,어촌개발,어촌체험상품개발,기획·마케팅 사무원
농림어업,수산,어촌개발,어촌체험상품개발,여행상품 개발자
농림어업,수산,어촌개발,어촌체험시설운영,총무 사무원 및 대학 행정조교
농림어업,수산,어촌개발,어업환경개선,환경공학 기술자 및 연구원
